date, value
7/21/1997,12.05
7/22/1997,12.05
7/23/1997,12.1
7/24/1997,12.1
7/25/1997,12.1
7/28/1997,11.97
7/29/1997,11.96
7/30/1997,11.97
7/31/1997,11.97
8/1/1997,11.95
8/4/1997,11.95
8/5/1997,11.95
8/6/1997,12
8/7/1997,12.05
8/8/1997,12.06
8/11/1997,12
8/12/1997,12
8/13/1997,12
8/14/1997,12
8/15/1997,12
8/18/1997,12
8/19/1997,11.98
8/20/1997,11.9
8/21/1997,11.84
8/22/1997,11.85
8/25/1997,11.84
8/26/1997,11.75
8/27/1997,11.7
8/28/1997,11.7
8/29/1997,11.73
9/2/1997,11.73
9/3/1997,11.75
9/4/1997,11.75
9/5/1997,11.75
9/8/1997,11.75
9/9/1997,11.75
9/10/1997,11.75
9/11/1997,11.75
9/12/1997,11.74
9/15/1997,11.75
9/16/1997,11.75
9/17/1997,11.74
9/18/1997,11.73
9/19/1997,11.77
9/22/1997,11.77
9/23/1997,11.82
9/24/1997,11.82
9/25/1997,11.83
9/26/1997,11.83
9/29/1997,11.85
9/30/1997,11.85
10/1/1997,11.85
10/2/1997,11.81
10/3/1997,11.82
10/6/1997,11.87
10/7/1997,11.92
10/8/1997,11.89
10/9/1997,11.96
10/10/1997,11.96
10/13/1997,11.96
10/14/1997,11.96
10/15/1997,11.96
10/16/1997,12.06
10/17/1997,12.16
10/20/1997,12.16
10/21/1997,12.18
10/22/1997,12.18
10/23/1997,12.18
10/24/1997,12.2
10/27/1997,12.2
10/28/1997,12.23
10/29/1997,12.23
10/30/1997,12.25
10/31/1997,12.27
11/3/1997,12.25
11/4/1997,12.2
11/5/1997,12.18
11/6/1997,12.18
11/7/1997,12.19
11/10/1997,12.2
11/11/1997,12.2
11/12/1997,12.2
11/13/1997,12.25
11/14/1997,12.27
11/17/1997,12.28
11/18/1997,12.28
11/19/1997,12.39
11/20/1997,12.44
11/21/1997,12.55
11/24/1997,12.508
11/25/1997,12.404
11/26/1997,12.274
11/28/1997,12.234
12/1/1997,12.1
12/2/1997,12.1
12/3/1997,12.1
12/4/1997,12.11
12/5/1997,12.19
12/8/1997,12.26
12/9/1997,12.45
12/10/1997,12.44
12/11/1997,12.45
12/12/1997,12.63
12/15/1997,12.66
12/16/1997,12.62
12/17/1997,12.65
12/18/1997,12.63
12/19/1997,12.65
12/22/1997,12.66
12/23/1997,12.62
12/24/1997,12.61
12/26/1997,12.516
12/29/1997,12.388
12/30/1997,12.232
12/31/1997,12.132
1/2/1998,12.2
1/5/1998,12.2
1/6/1998,12.2
1/7/1998,12.19
1/8/1998,12.4
1/9/1998,12.65
1/12/1998,12.68
1/13/1998,12.71
1/14/1998,12.71
1/15/1998,12.7
1/16/1998,12.75
1/20/1998,12.81
1/21/1998,12.84
1/22/1998,12.8
1/23/1998,12.82
1/26/1998,12.82
1/27/1998,12.798
1/28/1998,12.734
1/29/1998,12.766
1/30/1998,12.76
2/2/1998,12.65
2/3/1998,12.65
2/4/1998,12.72
2/5/1998,12.82
2/6/1998,12.8
2/9/1998,12.8
2/10/1998,12.87
2/11/1998,12.96
2/12/1998,12.94
2/13/1998,12.93
2/17/1998,12.89
2/18/1998,12.82
2/19/1998,12.75
2/20/1998,12.92
2/23/1998,12.94
2/24/1998,12.736
2/25/1998,12.658
2/26/1998,12.524
2/27/1998,12.036
3/2/1998,11.89
3/3/1998,11.88
3/4/1998,11.85
3/5/1998,11.85
3/6/1998,12.05
3/9/1998,12.03
3/10/1998,11.96
3/11/1998,11.9
3/12/1998,12.1
3/13/1998,12.11
3/16/1998,12.14
3/17/1998,12.22
3/18/1998,12.17
3/19/1998,12.18
3/20/1998,12.2
3/23/1998,12.2
3/24/1998,12.11
3/25/1998,12.1
3/26/1998,12.004
3/27/1998,11.848
3/30/1998,11.848
3/31/1998,11.794
4/1/1998,11.7
4/2/1998,11.6
4/3/1998,11.84
4/6/1998,11.88
4/7/1998,11.9
4/8/1998,11.89
4/9/1998,11.79
4/13/1998,11.7
4/14/1998,11.7
4/15/1998,11.75
4/16/1998,11.68
4/17/1998,11.55
4/20/1998,11.49
4/21/1998,11.48
4/22/1998,11.46
4/23/1998,11.35
4/24/1998,11
4/27/1998,10.93
4/28/1998,10.928
4/29/1998,10.878
4/30/1998,10.86
5/1/1998,10.81
5/4/1998,10.83
5/5/1998,10.81
5/6/1998,10.82
5/7/1998,10.84
5/8/1998,11.01
5/11/1998,11.35
5/12/1998,11.4
5/13/1998,11.42
5/14/1998,11.63
5/15/1998,11.52
5/18/1998,11.5
5/19/1998,11.7
5/20/1998,11.77
5/21/1998,11.77
5/22/1998,11.81
5/26/1998,11.9
5/27/1998,11.954
5/28/1998,12.312
5/29/1998,12.722
6/1/1998,12.91
6/2/1998,13.05
6/3/1998,13.4
6/4/1998,13.51
6/5/1998,13.96
6/8/1998,13.71
6/9/1998,13.75
6/10/1998,13.95
6/11/1998,13.9
6/12/1998,13.72
6/15/1998,13.68
6/16/1998,13.76
6/17/1998,13.75
6/18/1998,13.79
6/19/1998,13.9
6/22/1998,13.93
6/23/1998,13.96
6/24/1998,14
6/25/1998,13.978
6/26/1998,13.888
6/29/1998,13.814
6/30/1998,13.744
7/1/1998,13.67
7/2/1998,13.6
7/6/1998,13.89
7/7/1998,13.83
7/8/1998,13.91
7/9/1998,14.08
7/10/1998,14.15
7/13/1998,14.3
7/14/1998,14.5
7/15/1998,14.65
7/16/1998,14.64
7/17/1998,14.58
7/20/1998,14.57
7/21/1998,14.64
7/22/1998,14.64
7/23/1998,14.65
7/24/1998,14.98
7/27/1998,14.99
7/28/1998,15.004
7/29/1998,15.154
7/30/1998,15.19
7/31/1998,15.026
8/3/1998,15.15
8/4/1998,15.11
8/5/1998,15.17
8/6/1998,15.22
8/7/1998,15.1
8/10/1998,14.9
8/11/1998,14.76
8/12/1998,14.68
8/13/1998,14.68
8/14/1998,14.84
8/17/1998,14.96
8/18/1998,15.08
8/19/1998,15.06
8/20/1998,15.12
8/21/1998,15.27
8/24/1998,15.27
8/25/1998,15.23
8/26/1998,15.094
8/27/1998,14.834
8/28/1998,14.722
8/31/1998,14.596
9/1/1998,14
9/2/1998,14.12
9/3/1998,14.45
9/4/1998,14.65
9/8/1998,14.74
9/9/1998,14.9
9/10/1998,15.12
9/11/1998,15.22
9/14/1998,15.2
9/15/1998,15.22
9/16/1998,15.2
9/17/1998,15.22
9/18/1998,15.3
9/21/1998,15.54
9/22/1998,15.63
9/23/1998,15.67
9/24/1998,15.77
9/25/1998,15.582
9/28/1998,15.32
9/29/1998,15.15
9/30/1998,14.814
10/1/1998,14.67
10/2/1998,14.55
10/5/1998,14.63
10/6/1998,15.18
10/7/1998,15.45
10/8/1998,15.57
10/9/1998,15.54
10/12/1998,15.75
10/13/1998,15.74
10/14/1998,15.66
10/15/1998,15.84
10/16/1998,16.03
10/19/1998,16.2
10/20/1998,16.27
10/21/1998,16.35
10/22/1998,16.37
10/23/1998,16.38
10/26/1998,16.29
10/27/1998,15.992
10/28/1998,15.62
10/29/1998,15.424
10/30/1998,15.124
11/2/1998,14.89
11/3/1998,14.88
11/4/1998,15.09
11/5/1998,15.53
11/6/1998,15.71
11/9/1998,15.85
11/10/1998,16.17
11/11/1998,16.42
11/12/1998,16.5
11/13/1998,16.33
11/16/1998,16.49
11/17/1998,16.55
11/18/1998,16.65
11/19/1998,16.69
11/20/1998,16.7
11/23/1998,16.67
11/24/1998,16.424
11/25/1998,16.194
11/27/1998,16.078
11/30/1998,16.314
12/1/1998,16.32
12/2/1998,16.38
12/3/1998,16.35
12/4/1998,16.08
12/7/1998,16.19
12/8/1998,16.19
12/9/1998,16.33
12/10/1998,16.43
12/11/1998,16.17
12/14/1998,15.79
12/15/1998,15.6
12/16/1998,15.42
12/17/1998,15.7
12/18/1998,15.49
12/21/1998,15.8
12/22/1998,15.77
12/23/1998,15.8
12/24/1998,15.84
12/28/1998,15.376
12/29/1998,15.096
12/30/1998,14.834
12/31/1998,14.346
1/4/1999,14.09
1/5/1999,13.93
1/6/1999,13.6
1/7/1999,13.35
1/8/1999,13.37
1/11/1999,13.39
1/12/1999,13.65
1/13/1999,13.78
1/14/1999,13.3
1/15/1999,12.95
1/19/1999,12.48
1/20/1999,12.16
1/21/1999,11.7
1/22/1999,11.75
1/25/1999,11.79
1/26/1999,11.788
1/27/1999,11.742
1/28/1999,11.946
1/29/1999,12.008
2/1/1999,11.85
2/2/1999,11.76
2/3/1999,12
2/4/1999,12.05
2/5/1999,12.04
2/8/1999,12
2/9/1999,12
2/10/1999,12.08
2/11/1999,12.16
2/12/1999,11.99
2/16/1999,11.83
2/17/1999,11.8
2/18/1999,11.86
2/19/1999,11.89
2/22/1999,11.8
2/23/1999,11.566
2/24/1999,11.426
2/25/1999,11.412
2/26/1999,11.41
3/1/1999,11
3/2/1999,10.95
3/3/1999,10.81
3/4/1999,10.88
3/5/1999,10.9
3/8/1999,10.95
3/9/1999,11.02
3/10/1999,11.2
3/11/1999,11.16
3/12/1999,11.17
3/15/1999,11.09
3/16/1999,11.02
3/17/1999,11.05
3/18/1999,11.06
3/19/1999,11.2
3/22/1999,11.22
3/23/1999,11.25
3/24/1999,11.22
3/25/1999,11.16
3/26/1999,11.196
3/29/1999,11.078
3/30/1999,10.982
3/31/1999,10.926
4/1/1999,10.88
4/5/1999,10.88
4/6/1999,10.87
4/7/1999,10.94
4/8/1999,10.97
4/9/1999,11
4/12/1999,11.14
4/13/1999,11.53
4/14/1999,11.39
4/15/1999,11.37
4/16/1999,11.3
4/19/1999,11.26
4/20/1999,11.26
4/21/1999,11.28
4/22/1999,11.31
4/23/1999,11.36
4/26/1999,11.16
4/27/1999,11.096
4/28/1999,11.118
4/29/1999,11.07
4/30/1999,11.04
5/3/1999,11.12
5/4/1999,11.18
5/5/1999,10.93
5/6/1999,10.9
5/7/1999,10.86
5/10/1999,10.82
5/11/1999,10.82
5/12/1999,10.83
5/13/1999,10.75
5/14/1999,10.7
5/17/1999,10.64
5/18/1999,10.8
5/19/1999,11
5/20/1999,11.33
5/21/1999,11.38
5/24/1999,11.49
5/25/1999,12.17
5/26/1999,12.256
5/27/1999,12.5
5/28/1999,12.86
6/1/1999,12.97
6/2/1999,12.65
6/3/1999,12.45
6/4/1999,12.45
6/7/1999,12.5
6/8/1999,12.69
6/9/1999,12.9
6/10/1999,13.5
6/11/1999,13.4
6/14/1999,13.62
6/15/1999,13.78
6/16/1999,13.8
6/17/1999,13.69
6/18/1999,13.66
6/21/1999,13.56
6/22/1999,13.65
6/23/1999,13.69
6/24/1999,13.71
6/25/1999,13.84
6/28/1999,13.864
6/29/1999,13.714
6/30/1999,13.72
7/1/1999,13.7
7/2/1999,13.8
7/6/1999,13.88
7/7/1999,13.9
7/8/1999,14
7/9/1999,14.47
7/12/1999,14.67
7/13/1999,14.63
7/14/1999,14.43
7/15/1999,14.4
7/16/1999,14.5
7/19/1999,14.52
7/20/1999,14.75
7/21/1999,15.17
7/22/1999,15.8
7/23/1999,15.61
7/26/1999,15.8
7/27/1999,15.782
7/28/1999,16.05
7/29/1999,16.336
7/30/1999,16.822
8/2/1999,16.75
8/3/1999,16.81
8/4/1999,17
8/5/1999,17.18
8/6/1999,17.37
8/9/1999,17.4
8/10/1999,17.63
8/11/1999,17.6
8/12/1999,17.7
8/13/1999,17.75
8/16/1999,17.8
8/17/1999,17.65
8/18/1999,17.52
8/19/1999,17.59
8/20/1999,17.3
8/23/1999,17
8/24/1999,17.19
8/25/1999,16.18
8/26/1999,15.648
8/27/1999,15.236
8/30/1999,14.834
8/31/1999,14.422
9/1/1999,13.5
9/2/1999,12.9
9/3/1999,13
9/7/1999,13.3
9/8/1999,13.84
9/9/1999,13.65
9/10/1999,13.35
9/13/1999,13.5
9/14/1999,13.45
9/15/1999,13.4
9/16/1999,13.25
9/17/1999,13.26
9/20/1999,13.25
9/21/1999,13.39
9/22/1999,13.4
9/23/1999,13.34
9/24/1999,13.36
9/27/1999,13.196
9/28/1999,13.084
9/29/1999,12.872
9/30/1999,12.766
10/1/1999,12.52
10/4/1999,12.35
10/5/1999,12.12
10/6/1999,12.04
10/7/1999,11.5
10/8/1999,11.31
10/11/1999,11.03
10/12/1999,11.15
10/13/1999,11.65
10/14/1999,12.1
10/15/1999,11.75
10/18/1999,11.72
10/19/1999,11.55
10/20/1999,11.48
10/21/1999,11.36
10/22/1999,11.35
10/25/1999,11.44
10/26/1999,11.452
10/27/1999,11.478
10/28/1999,11.6
10/29/1999,11.548
11/1/1999,11.35
11/2/1999,11.35
11/3/1999,11.55
11/4/1999,11.45
11/5/1999,11.28
11/8/1999,11.25
11/9/1999,11.1
11/10/1999,10.7
11/11/1999,10.71
11/12/1999,10.85
11/15/1999,10.85
11/16/1999,10.81
11/17/1999,10.7
11/18/1999,10.71
11/19/1999,10.6
11/22/1999,10.35
11/23/1999,10.37
11/24/1999,10.476
11/26/1999,10.552
11/29/1999,10.674
11/30/1999,10.73
12/1/1999,10.77
12/2/1999,10.8
12/3/1999,10.75
12/6/1999,10.6
12/7/1999,10.47
12/8/1999,10.74
12/9/1999,11.02
12/10/1999,11.01
12/13/1999,10.97
12/14/1999,10.9
12/15/1999,10.46
12/16/1999,10.38
12/17/1999,10.48
12/20/1999,10.45
12/21/1999,10.5
12/22/1999,10.4
12/23/1999,10.41
12/27/1999,10.422
12/28/1999,10.414
12/29/1999,10.42
12/30/1999,10.412
1/3/2000,10.5
1/4/2000,10.5
1/5/2000,10.5
1/6/2000,10.15
1/7/2000,10.15
1/10/2000,10.06
1/11/2000,10.05
1/12/2000,10.05
1/13/2000,10.1
1/14/2000,10.1
1/18/2000,10.2
1/19/2000,10.16
1/20/2000,10.1
1/21/2000,10.05
1/24/2000,10.05
1/25/2000,10
1/26/2000,10.062
1/27/2000,10.094
1/28/2000,10.172
1/31/2000,10.212
2/1/2000,10.27
2/2/2000,10.24
2/3/2000,10.24
2/4/2000,10.05
2/7/2000,10.05
2/8/2000,10.05
2/9/2000,9.98
2/10/2000,9.9
2/11/2000,9.9
2/14/2000,9.84
2/15/2000,9.82
2/16/2000,9.81
2/17/2000,9.81
2/18/2000,9.82
2/22/2000,9.75
2/23/2000,9.75
2/24/2000,9.792
2/25/2000,9.87
2/28/2000,9.934
2/29/2000,10.01
3/1/2000,10.15
3/2/2000,10.15
3/3/2000,9.91
3/6/2000,9.95
3/7/2000,9.95
3/8/2000,10
3/9/2000,9.91
3/10/2000,9.85
3/13/2000,9.7
3/14/2000,9.7
3/15/2000,9.74
3/16/2000,9.74
3/17/2000,9.7
3/20/2000,9.6
3/21/2000,9.6
3/22/2000,9.6
3/23/2000,9.6
3/24/2000,9.61
3/27/2000,9.61
3/28/2000,9.67
3/29/2000,9.756
3/30/2000,9.798
3/31/2000,9.84
4/3/2000,9.9
4/4/2000,9.86
4/5/2000,9.79
4/6/2000,9.75
4/7/2000,9.71
4/10/2000,9.69
4/11/2000,9.66
4/12/2000,9.6
4/13/2000,9.58
4/14/2000,9.58
4/17/2000,9.57
4/18/2000,9.58
4/19/2000,9.55
4/20/2000,9.8
4/24/2000,9.8
4/25/2000,9.986
4/26/2000,10.004
4/27/2000,10.16
4/28/2000,10.33
5/1/2000,10.5
5/2/2000,10.5
5/3/2000,10.49
5/4/2000,10.57
5/5/2000,10.72
5/8/2000,10.55
5/9/2000,10.6
5/10/2000,10.1
5/11/2000,10.3
5/12/2000,10.16
5/15/2000,10.06
5/16/2000,10.01
5/17/2000,10.04
5/18/2000,10.04
5/19/2000,9.96
5/22/2000,9.95
5/23/2000,9.91
5/24/2000,9.9
5/25/2000,10.212
5/26/2000,10.45
5/30/2000,10.884
5/31/2000,11.186
6/1/2000,11.55
6/2/2000,11.71
6/5/2000,11.53
6/6/2000,11.4
6/7/2000,11.35
6/8/2000,11.31
6/9/2000,11.31
6/12/2000,11.6
6/13/2000,11.6
6/14/2000,11.35
6/15/2000,11.62
6/16/2000,11.55
6/19/2000,11.65
6/20/2000,11.5
6/21/2000,11.35
6/22/2000,11.12
6/23/2000,11.1
6/26/2000,11.05
6/27/2000,11.242
6/28/2000,11.38
6/29/2000,11.696
6/30/2000,12.09
7/3/2000,12.3
7/5/2000,12.3
7/6/2000,12.06
7/7/2000,11.85
7/10/2000,11.45
7/11/2000,11.4
7/12/2000,11.45
7/13/2000,11.3
7/14/2000,11.1
7/17/2000,10.95
7/18/2000,10.93
7/19/2000,10.47
7/20/2000,10.52
7/21/2000,10.89
7/24/2000,11.05
7/25/2000,10.69
7/26/2000,10.89
7/27/2000,10.44
7/28/2000,10.578
7/31/2000,10.39
8/1/2000,10.34
8/2/2000,10.3
8/3/2000,10.27
8/4/2000,10.6
8/7/2000,10.6
8/8/2000,10.52
8/9/2000,10.56
8/10/2000,10.8
8/11/2000,10.68
8/14/2000,10.85
8/15/2000,10.85
8/16/2000,10.65
8/17/2000,10.4
8/18/2000,10.41
8/21/2000,10.5
8/22/2000,10.8
8/23/2000,10.67
8/24/2000,10.91
8/25/2000,10.91
8/28/2000,11.024
8/29/2000,10.92
8/30/2000,10.78
8/31/2000,10.818
9/1/2000,11.05
9/5/2000,10.94
9/6/2000,10.93
9/7/2000,11.05
9/8/2000,11.1
9/11/2000,11
9/12/2000,10.7
9/13/2000,10.7
9/14/2000,10.79
9/15/2000,10.75
9/18/2000,10.81
9/19/2000,10.85
9/20/2000,10.86
9/21/2000,10.79
9/22/2000,10.7
9/25/2000,10.63
9/26/2000,10.548
9/27/2000,10.26
9/28/2000,10.11
9/29/2000,9.964
10/2/2000,9.95
10/3/2000,9.95
10/4/2000,9.89
10/5/2000,9.65
10/6/2000,9.68
10/9/2000,9.4
10/10/2000,9.4
10/11/2000,9.4
10/12/2000,9.5
10/13/2000,9.5
10/16/2000,9.45
10/17/2000,9.47
10/18/2000,9.48
10/19/2000,9.45
10/20/2000,9.2
10/23/2000,9.23
10/24/2000,9.2
10/25/2000,9.1
10/26/2000,9.016
10/27/2000,9.054
10/30/2000,9.134
10/31/2000,9.18
11/1/2000,9.25
11/2/2000,9.08
11/3/2000,8.94
11/6/2000,9.05
11/7/2000,9.07
11/8/2000,9.07
11/9/2000,9.26
11/10/2000,9.45
11/13/2000,9.47
11/14/2000,9.5
11/15/2000,9.57
11/16/2000,9.6
11/17/2000,9.62
11/20/2000,9.54
11/21/2000,9.48
11/22/2000,9.45
11/24/2000,9.42
11/27/2000,9.376
11/28/2000,9.56
11/29/2000,9.624
11/30/2000,9.684
12/1/2000,9.75
12/4/2000,9.75
12/5/2000,9.7
12/6/2000,9.65
12/7/2000,9.64
12/8/2000,9.65
12/11/2000,9.65
12/12/2000,9.67
12/13/2000,9.71
12/14/2000,9.74
12/15/2000,9.75
12/18/2000,9.8
12/19/2000,9.88
12/20/2000,9.81
12/21/2000,9.77
12/22/2000,9.88
12/26/2000,9.882
12/27/2000,9.934
12/28/2000,9.852
12/29/2000,9.826
1/2/2001,9.82
1/3/2001,9.82
1/4/2001,9.83
1/5/2001,9.83
1/8/2001,9.81
1/9/2001,9.88
1/10/2001,9.8
1/11/2001,9.84
1/12/2001,9.85
1/16/2001,9.95
1/17/2001,10.12
1/18/2001,10.12
1/19/2001,10.18
1/22/2001,10.13
1/23/2001,10.05
1/24/2001,9.86
1/25/2001,9.93
1/26/2001,10.01
1/29/2001,10.074
1/30/2001,10.124
1/31/2001,10.2
2/1/2001,10.27
2/2/2001,10.34
2/5/2001,10.42
2/6/2001,10.52
2/7/2001,10.7
2/8/2001,10.83
2/9/2001,10.74
2/12/2001,10.7
2/13/2001,10.79
2/14/2001,10.9
2/15/2001,11
2/16/2001,11.03
2/20/2001,11.02
2/21/2001,11.05
2/22/2001,11.25
2/23/2001,11.266
2/26/2001,11.286
2/27/2001,11.252
2/28/2001,11.198
3/1/2001,11.08
3/2/2001,11.05
3/5/2001,11.15
3/6/2001,11.09
3/7/2001,11
3/8/2001,11
3/9/2001,11.15
3/12/2001,11.14
3/13/2001,11.13
3/14/2001,11.26
3/15/2001,11.27
3/16/2001,11.34
3/19/2001,11.38
3/20/2001,11.46
3/21/2001,11.47
3/22/2001,11.61
3/23/2001,11.77
3/26/2001,11.74
3/27/2001,11.766
3/28/2001,11.81
3/29/2001,11.89
3/30/2001,12.154
4/2/2001,12
4/3/2001,11.93
4/4/2001,11.88
4/5/2001,11.82
4/6/2001,11.93
4/9/2001,12.1
4/10/2001,12.18
4/11/2001,12.3
4/12/2001,12.33
4/16/2001,12.4
4/17/2001,12.53
4/18/2001,12.73
4/19/2001,12.68
4/20/2001,12.85
4/23/2001,13.25
4/24/2001,13.22
4/25/2001,13.37
4/26/2001,13.538
4/27/2001,13.78
4/30/2001,14.116
5/1/2001,14.17
5/2/2001,14.18
5/3/2001,14.22
5/4/2001,14.24
5/7/2001,14.26
5/8/2001,14.29
5/9/2001,14.34
5/10/2001,14.28
5/11/2001,14.26
5/14/2001,14.23
5/15/2001,14.24
5/16/2001,14.18
5/17/2001,14.4
5/18/2001,14.5
5/21/2001,14.44
5/22/2001,14.4
5/23/2001,14.45
5/24/2001,14.59
5/25/2001,14.662
5/29/2001,15.05
5/30/2001,15.36
5/31/2001,15.53
6/1/2001,15.47
6/4/2001,15.6
6/5/2001,15.61
6/6/2001,15.5
6/7/2001,15.3
6/8/2001,14.65
6/11/2001,14.31
6/12/2001,13.81
6/13/2001,14.7
6/14/2001,14.8
6/15/2001,14.94
6/18/2001,14.6
6/19/2001,14.99
6/20/2001,15.1
6/21/2001,15.27
6/22/2001,15.05
6/25/2001,14.95
6/26/2001,14.81
6/27/2001,14.55
6/28/2001,14.538
6/29/2001,14.506
7/2/2001,14.7
7/3/2001,14.6
7/5/2001,14.68
7/6/2001,14.68
7/9/2001,14.75
7/10/2001,14.8
7/11/2001,14.85
7/12/2001,14.99
7/13/2001,14.95
7/16/2001,14.85
7/17/2001,14.89
7/18/2001,14.95
7/19/2001,15.12
7/20/2001,15.2
7/23/2001,15.39
7/24/2001,15.33
7/25/2001,15.33
7/26/2001,15.31
7/27/2001,15.274
7/30/2001,15.354
7/31/2001,15.35
8/1/2001,15.38
8/2/2001,15.27
8/3/2001,15.35
8/6/2001,15.25
8/7/2001,15.01
8/8/2001,14.8
8/9/2001,15.02
8/10/2001,15.75
8/13/2001,15.75
8/14/2001,15.75
8/15/2001,15.85
8/16/2001,15.75
8/17/2001,15.6
8/20/2001,15.75
8/21/2001,15.6
8/22/2001,15.45
8/23/2001,15.45
8/24/2001,15.75
8/27/2001,15.69
8/28/2001,15.402
8/29/2001,15.046
8/30/2001,14.88
8/31/2001,14.72
9/4/2001,14.65
9/5/2001,15
9/6/2001,15.15
9/7/2001,15.21
9/10/2001,15.23
9/13/2001,15.23
9/14/2001,15.2
9/17/2001,15.3
9/18/2001,15.34
9/19/2001,15.37
9/20/2001,15.31
9/21/2001,15.35
9/24/2001,15.1
9/25/2001,14.566
9/26/2001,14.41
9/27/2001,14.34
9/28/2001,14.084
10/1/2001,13.65
10/2/2001,13.4
10/3/2001,13.15
10/4/2001,12.65
10/5/2001,11.85
10/8/2001,11.7
10/9/2001,11.56
10/10/2001,11.55
10/11/2001,11.7
10/12/2001,11.65
10/15/2001,10.95
10/16/2001,11.12
10/17/2001,11.2
10/18/2001,10.9
10/19/2001,10.75
10/22/2001,10.9
10/23/2001,10.95
10/24/2001,10.75
10/25/2001,11.1
10/26/2001,11.372
10/29/2001,11.476
10/30/2001,11.3
10/31/2001,11.29
11/1/2001,11.34
11/2/2001,11.36
11/5/2001,11.33
11/6/2001,11.44
11/7/2001,11.4
11/8/2001,11.32
11/9/2001,11.45
11/12/2001,11.42
11/13/2001,11.42
11/14/2001,11.42
11/15/2001,11.45
11/16/2001,11.5
11/19/2001,11.54
11/20/2001,11.6
11/21/2001,11.81
11/23/2001,12
11/26/2001,11.95
11/27/2001,11.988
11/28/2001,12.002
11/29/2001,12.03
11/30/2001,11.82
12/3/2001,11.65
12/4/2001,11.65
12/5/2001,11.4
12/6/2001,11.4
12/7/2001,11.5
12/10/2001,11.34
12/11/2001,11.25
12/12/2001,11.27
12/13/2001,11.35
12/14/2001,11.48
12/17/2001,11.38
12/18/2001,11.6
12/19/2001,11.85
12/20/2001,11.9
12/21/2001,11.87
12/24/2001,11.84
12/26/2001,11.668
12/27/2001,11.588
12/28/2001,11.5
12/31/2001,11.44
1/2/2002,11.38
1/3/2002,11.38
1/4/2002,11.43
1/7/2002,11.52
1/8/2002,11.8
1/9/2002,11.85
1/10/2002,11.85
1/11/2002,11.8
1/14/2002,11.71
1/15/2002,11.97
1/16/2002,12.02
1/17/2002,12.05
1/18/2002,12.1
1/22/2002,12.19
1/23/2002,12.22
1/24/2002,12.25
1/25/2002,12.2
1/28/2002,11.972
1/29/2002,11.846
1/30/2002,11.592
1/31/2002,11.522
2/1/2002,11.46
2/4/2002,11.42
2/5/2002,11.15
2/6/2002,11.2
2/7/2002,11.35
2/8/2002,11.27
2/11/2002,11.25
2/12/2002,11.18
2/13/2002,11.16
2/14/2002,11.09
2/15/2002,11.04
2/19/2002,10.97
2/20/2002,11
2/21/2002,10.9
2/22/2002,10.78
2/25/2002,10.846
2/26/2002,10.904
2/27/2002,10.948
2/28/2002,11.07
3/1/2002,11.21
3/4/2002,11.15
3/5/2002,11
3/6/2002,11.1
3/7/2002,11.19
3/8/2002,11.26
3/11/2002,11.19
3/12/2002,11.1
3/13/2002,11.11
3/14/2002,11.1
3/15/2002,11
3/18/2002,10.82
3/19/2002,10.84
3/20/2002,10.76
3/21/2002,10.75
3/22/2002,10.9
3/25/2002,10.94
3/26/2002,11.01
3/27/2002,11.22
3/28/2002,11.096
4/1/2002,11.22
4/2/2002,11.28
4/3/2002,11.28
4/4/2002,11.35
4/5/2002,11.25
4/8/2002,11.25
4/9/2002,11.25
4/10/2002,11.23
4/11/2002,11.35
4/12/2002,11.31
4/15/2002,11.25
4/16/2002,11.2
4/17/2002,11.2
4/18/2002,11.28
4/19/2002,11.15
4/22/2002,11.12
4/23/2002,11.11
4/24/2002,11.11
4/25/2002,11.238
4/26/2002,11.288
4/29/2002,11.342
4/30/2002,11.42
5/1/2002,11.52
5/2/2002,11.47
5/3/2002,11.41
5/6/2002,11.37
5/7/2002,11.23
5/8/2002,11.09
5/9/2002,10.85
5/10/2002,10.8
5/13/2002,10.83
5/14/2002,10.81
5/15/2002,10.81
5/16/2002,10.76
5/17/2002,10.76
5/20/2002,10.75
5/21/2002,10.7
5/22/2002,10.67
5/23/2002,10.65
5/24/2002,10.6
5/28/2002,10.692
5/29/2002,10.728
5/30/2002,10.97
5/31/2002,10.93
6/3/2002,11
6/4/2002,10.99
6/5/2002,10.9
6/6/2002,10.9
6/7/2002,10.77
6/10/2002,10.67
6/11/2002,10.7
6/12/2002,10.35
6/13/2002,10.43
6/14/2002,10.3
6/17/2002,10.3
6/18/2002,10.2
6/19/2002,10.1
6/20/2002,9.99
6/21/2002,9.89
6/24/2002,9.93
6/25/2002,10.104
6/26/2002,10.204
6/27/2002,10.092
6/28/2002,10.33
7/1/2002,10.66
7/2/2002,10.43
7/3/2002,10.27
7/5/2002,10.25
7/8/2002,10.3
7/9/2002,10.42
7/10/2002,10.49
7/11/2002,10.53
7/12/2002,10.4
7/15/2002,10.38
7/16/2002,10.35
7/17/2002,10.2
7/18/2002,10.06
7/19/2002,9.95
7/22/2002,9.75
7/23/2002,9.35
7/24/2002,9.25
7/25/2002,9.29
7/26/2002,9.814
7/29/2002,10.06
7/30/2002,10.392
7/31/2002,10.97
8/1/2002,11.25
8/2/2002,11.2
8/5/2002,10.95
8/6/2002,10.85
8/7/2002,10.6
8/8/2002,10.55
8/9/2002,10.55
8/12/2002,10.6
8/13/2002,10.6
8/14/2002,10.48
8/15/2002,10.41
8/16/2002,10.15
8/19/2002,10.2
8/20/2002,10.25
8/21/2002,10.4
8/22/2002,10.2
8/23/2002,10.13
8/26/2002,10.05
8/27/2002,10.106
8/28/2002,10.252
8/29/2002,10.226
8/30/2002,10.022
9/3/2002,10
9/4/2002,9.98
9/5/2002,9.98
9/6/2002,9.86
9/9/2002,9.86
9/10/2002,9.95
9/11/2002,10.03
9/12/2002,9.91
9/13/2002,10.05
9/16/2002,10.16
9/17/2002,10.4
9/18/2002,10.17
9/19/2002,10.33
9/20/2002,10.45
9/23/2002,10.26
9/24/2002,10.34
9/25/2002,10.44
9/26/2002,10.496
9/27/2002,10.44
9/30/2002,10.322
10/1/2002,10.5
10/2/2002,10.49
10/3/2002,10.47
10/4/2002,10.56
10/7/2002,10.35
10/8/2002,10.34
10/9/2002,10.4
10/10/2002,10.3
10/11/2002,10.4
10/14/2002,10.35
10/15/2002,10.36
10/16/2002,10.28
10/17/2002,10.05
10/18/2002,9.95
10/21/2002,9.8
10/22/2002,9.6
10/23/2002,9.6
10/24/2002,9.6
10/25/2002,9.6
10/28/2002,9.634
10/29/2002,9.656
10/30/2002,9.654
10/31/2002,9.64
11/1/2002,9.67
11/4/2002,9.66
11/5/2002,9.7
11/6/2002,9.7
11/7/2002,9.7
11/8/2002,9.7
11/11/2002,9.8
11/12/2002,9.78
11/13/2002,9.75
11/14/2002,9.75
11/15/2002,9.8
11/18/2002,9.92
11/19/2002,9.9
11/20/2002,10
11/21/2002,10.03
11/22/2002,10
11/25/2002,10.09
11/26/2002,10.184
11/27/2002,10.264
11/29/2002,10.33
12/2/2002,10.52
12/3/2002,10.65
12/4/2002,10.58
12/5/2002,10.45
12/6/2002,10.35
12/9/2002,10.25
12/10/2002,10.12
12/11/2002,10.04
12/12/2002,10.12
12/13/2002,10.12
12/16/2002,10.08
12/17/2002,10
12/18/2002,10.03
12/19/2002,10.1
12/20/2002,10.12
12/23/2002,10.15
12/24/2002,10.15
12/26/2002,10.284
12/27/2002,10.322
12/30/2002,10.24
12/31/2002,10.17
1/2/2003,10.22
1/3/2003,10.12
1/6/2003,10.05
1/7/2003,10.09
1/8/2003,10.05
1/9/2003,9.97
1/10/2003,9.97
1/13/2003,10.07
1/14/2003,10.2
1/15/2003,10.2
1/16/2003,10.15
1/17/2003,10.2
1/21/2003,10.12
1/22/2003,9.97
1/23/2003,9.96
1/24/2003,9.9
1/27/2003,9.82
1/28/2003,9.85
1/29/2003,9.902
1/30/2003,9.81
1/31/2003,9.752
2/3/2003,9.75
2/4/2003,9.7
2/5/2003,9.65
2/6/2003,9.7
2/7/2003,9.78
2/10/2003,9.77
2/11/2003,9.75
2/12/2003,9.71
2/13/2003,9.71
2/14/2003,9.25
2/18/2003,9.5
2/19/2003,9.4
2/20/2003,9.42
2/21/2003,9.28
2/24/2003,9.25
2/25/2003,9.244
2/26/2003,9.37
2/27/2003,9.302
2/28/2003,9.336
3/3/2003,9.52
3/4/2003,9.55
3/5/2003,9.54
3/6/2003,9.45
3/7/2003,9.45
3/10/2003,9.42
3/11/2003,9.5
3/12/2003,9.45
3/13/2003,9.46
3/14/2003,9.47
3/17/2003,9.45
3/18/2003,9.38
3/19/2003,9.35
3/20/2003,9.37
3/21/2003,9.4
3/24/2003,9.45
3/25/2003,9.42
3/26/2003,9.472
3/27/2003,9.516
3/28/2003,9.558
3/31/2003,9.644
4/1/2003,9.93
4/2/2003,9.93
4/3/2003,9.88
4/4/2003,9.89
4/7/2003,9.95
4/8/2003,9.94
4/9/2003,9.85
4/10/2003,9.82
4/11/2003,9.78
4/14/2003,9.71
4/15/2003,9.71
4/16/2003,9.69
4/17/2003,9.69
4/21/2003,9.65
4/22/2003,9.65
4/23/2003,9.65
4/24/2003,9.65
4/25/2003,9.798
4/28/2003,9.914
4/29/2003,10.098
4/30/2003,10.332
5/1/2003,10.5
5/2/2003,10.34
5/5/2003,10.3
5/6/2003,10.34
5/7/2003,10.27
5/8/2003,10.47
5/9/2003,10.55
5/12/2003,10.35
5/13/2003,10.13
5/14/2003,9.97
5/15/2003,9.95
5/16/2003,9.95
5/19/2003,9.96
5/20/2003,9.97
5/21/2003,9.88
5/22/2003,9.81
5/23/2003,9.87
5/27/2003,10.072
5/28/2003,10.196
5/29/2003,10.378
5/30/2003,10.46
6/2/2003,10.5
6/3/2003,10.5
6/4/2003,10.55
6/5/2003,10.7
6/6/2003,10.64
6/9/2003,10.73
6/10/2003,10.77
6/11/2003,10.71
6/12/2003,10.73
6/13/2003,10.86
6/16/2003,10.86
6/17/2003,10.82
6/18/2003,11
6/19/2003,11.08
6/20/2003,11
6/23/2003,10.8
6/24/2003,10.81
6/25/2003,11.162
6/26/2003,11.422
6/27/2003,11.74
6/30/2003,11.974
7/1/2003,12.65
7/2/2003,12.92
7/3/2003,13.25
7/7/2003,13.36
7/8/2003,13.36
7/9/2003,13.2
7/10/2003,13.3
7/11/2003,13.3
7/14/2003,13.3
7/15/2003,13.13
7/16/2003,13.05
7/17/2003,13.04
7/18/2003,13.15
7/21/2003,13.3
7/22/2003,13.25
7/23/2003,13.36
7/24/2003,13.43
7/25/2003,13.54
7/28/2003,13.63
7/29/2003,13.768
7/30/2003,14.006
7/31/2003,14.23
8/1/2003,14.53
8/4/2003,14.51
8/5/2003,14.4
8/6/2003,14.5
8/7/2003,14.58
8/8/2003,14.6
8/11/2003,14.55
8/12/2003,14.56
8/13/2003,14.4
8/14/2003,14.31
8/15/2003,14.49
8/18/2003,13.93
8/19/2003,14.18
8/20/2003,14.18
8/21/2003,14.16
8/22/2003,14.2
8/25/2003,14.15
8/26/2003,14.05
8/27/2003,14
8/28/2003,13.926
8/29/2003,13.884
9/2/2003,13.82
9/3/2003,13.9
9/4/2003,13.92
9/5/2003,13.94
9/8/2003,13.94
9/9/2003,13.68
9/10/2003,13.77
9/11/2003,13.92
9/12/2003,13.92
9/15/2003,13.92
9/16/2003,13.9
9/17/2003,13.9
9/18/2003,13.88
9/19/2003,13.88
9/22/2003,13.87
9/23/2003,13.82
9/24/2003,13.75
9/25/2003,13.484
9/26/2003,13.358
9/29/2003,13.164
9/30/2003,12.972
10/1/2003,12.69
10/2/2003,12.67
10/3/2003,12.64
10/6/2003,12.65
10/7/2003,12.9
10/8/2003,12.95
10/9/2003,12.78
10/10/2003,12.77
10/13/2003,12.65
10/14/2003,12.65
10/15/2003,12.88
10/16/2003,12.98
10/17/2003,12.94
10/20/2003,13.12
10/21/2003,13.4
10/22/2003,13.28
10/23/2003,13.06
10/24/2003,13.17
10/27/2003,12.95
10/28/2003,12.72
10/29/2003,12.55
10/30/2003,12.188
10/31/2003,12.152
11/3/2003,11.75
11/4/2003,11.82
11/5/2003,11.46
11/6/2003,11.7
11/7/2003,11.58
11/10/2003,11.59
11/11/2003,11.67
11/12/2003,11.6
11/13/2003,11.56
11/14/2003,11.53
11/17/2003,11.55
11/18/2003,11.45
11/19/2003,11.51
11/20/2003,11.54
11/21/2003,11.59
11/24/2003,11.556
11/25/2003,11.644
11/26/2003,11.622
11/28/2003,11.646
12/1/2003,11.5
12/2/2003,11.6
12/3/2003,11.62
12/4/2003,11.76
12/5/2003,11.65
12/8/2003,11.51
12/9/2003,11.57
12/10/2003,11.55
12/11/2003,11.5
12/12/2003,11.51
12/15/2003,11.54
12/16/2003,11.62
12/17/2003,11.59
12/18/2003,11.71
12/19/2003,11.7
12/22/2003,11.67
12/23/2003,11.64
12/24/2003,11.43
12/29/2003,11.472
12/30/2003,11.46
12/31/2003,11.468
1/5/2004,11.5
1/6/2004,11.56
1/7/2004,11.55
1/8/2004,11.53
1/9/2004,11.5
1/12/2004,11.52
1/13/2004,11.52
1/14/2004,11.52
1/15/2004,11.54
1/16/2004,11.55
1/20/2004,11.61
1/21/2004,11.66
1/22/2004,11.65
1/23/2004,11.57
1/26/2004,11.69
1/27/2004,11.68
1/28/2004,11.8
1/29/2004,11.85
1/30/2004,12.006
2/2/2004,12.05
2/3/2004,12.15
2/4/2004,12.2
2/5/2004,12.2
2/6/2004,12.26
2/9/2004,12.27
2/10/2004,12.31
2/11/2004,12.41
2/12/2004,12.48
2/13/2004,12.65
2/17/2004,12.85
2/18/2004,13
2/19/2004,13.43
2/20/2004,13.4
2/23/2004,13.3
2/24/2004,13.186
2/25/2004,13.45
2/26/2004,13.708
2/27/2004,13.974
3/1/2004,14.13
3/2/2004,14.2
3/3/2004,14.36
3/4/2004,14.54
3/5/2004,14.67
3/8/2004,14.63
3/9/2004,14.99
3/10/2004,15.61
3/11/2004,15.86
3/12/2004,16.34
3/15/2004,16.92
3/16/2004,17.34
3/17/2004,17.79
3/18/2004,17.74
3/19/2004,17.79
3/22/2004,17.92
3/23/2004,18.4
3/24/2004,18.39
3/25/2004,18.41
3/26/2004,18.474
3/29/2004,18.334
3/30/2004,18.53
3/31/2004,18.596
4/1/2004,18.88
4/2/2004,18.97
4/5/2004,18.95
4/6/2004,19.07
4/7/2004,19.45
4/8/2004,19.44
4/12/2004,19.68
4/13/2004,19.99
4/14/2004,20.08
4/15/2004,19.94
4/16/2004,19.6
4/19/2004,19.87
4/20/2004,19.9
4/21/2004,19.74
4/22/2004,19.77
4/23/2004,19.8
4/26/2004,19.5
4/27/2004,19.092
4/28/2004,18.272
4/29/2004,17.872
4/30/2004,16.982
5/3/2004,17.03
5/4/2004,17.5
5/5/2004,16.81
5/6/2004,16.6
5/7/2004,17.22
5/10/2004,17.49
5/11/2004,16.74
5/12/2004,16.89
5/13/2004,16.14
5/14/2004,15.85
5/17/2004,16.52
5/18/2004,16.4
5/19/2004,16.55
5/20/2004,16.6
5/21/2004,15.86
5/24/2004,16.61
5/25/2004,16.394
5/26/2004,15.58
5/27/2004,15.168
5/28/2004,15.034
6/1/2004,14.64
6/2/2004,14.74
6/3/2004,14.72
6/4/2004,14.98
6/7/2004,15.55
6/8/2004,16.3
6/9/2004,16.46
6/10/2004,16.3
6/14/2004,16.17
6/15/2004,16
6/16/2004,16.08
6/17/2004,16.3
6/18/2004,16.25
6/21/2004,16.13
6/22/2004,16.45
6/23/2004,15.7
6/24/2004,15.28
6/25/2004,14.244
6/28/2004,14.35
6/29/2004,14.508
6/30/2004,14.068
7/1/2004,13.64
7/2/2004,13.65
7/6/2004,13.68
7/7/2004,13.75
7/8/2004,13.57
7/9/2004,13.38
7/12/2004,13.77
7/13/2004,13.72
7/14/2004,14.35
7/15/2004,13.97
7/16/2004,13.79
7/19/2004,13.95
7/20/2004,14.15
7/21/2004,14.25
7/22/2004,14.3
7/23/2004,14.25
7/26/2004,14.35
7/27/2004,14.472
7/28/2004,14.86
7/29/2004,15.276
7/30/2004,15.586
8/2/2004,16.02
8/3/2004,15.85
8/4/2004,15.38
8/5/2004,15.23
8/6/2004,14.66
8/9/2004,14.67
8/10/2004,14.54
8/11/2004,14.63
8/12/2004,14.74
8/13/2004,14.75
8/16/2004,14.68
8/17/2004,14.94
8/18/2004,15.17
8/19/2004,15.43
8/20/2004,15.19
8/23/2004,14.45
8/24/2004,14.34
8/25/2004,14.24
8/26/2004,13.906
8/27/2004,13.54
8/30/2004,13.434
8/31/2004,13.204
9/1/2004,13.49
9/2/2004,13.35
9/3/2004,13.4
9/7/2004,13.35
9/8/2004,13.18
9/9/2004,13.3
9/10/2004,13.25
9/13/2004,13.2
9/14/2004,13.13
9/15/2004,13.65
9/16/2004,13.69
9/17/2004,13.6
9/20/2004,13.57
9/21/2004,13.7
9/22/2004,13.75
9/23/2004,13.93
9/24/2004,13.95
9/27/2004,13.616
9/28/2004,13.58
9/29/2004,13.674
9/30/2004,13.382
10/1/2004,12.94
10/4/2004,12.86
10/5/2004,12.86
10/6/2004,12.61
10/7/2004,12.32
10/8/2004,12.57
10/11/2004,12.65
10/12/2004,12.87
10/13/2004,13.09
10/14/2004,13.01
10/15/2004,13.02
10/18/2004,13.15
10/19/2004,13.3
10/20/2004,13.62
10/21/2004,13.89
10/22/2004,14.05
10/25/2004,14.14
10/26/2004,14.01
10/27/2004,13.762
10/28/2004,13.37
10/29/2004,13.26
11/1/2004,12.97
11/2/2004,13.08
11/3/2004,13.31
11/4/2004,13.49
11/5/2004,13.6
11/8/2004,13.87
11/9/2004,14.29
11/10/2004,14.65
11/11/2004,14.88
11/12/2004,14.75
11/15/2004,15.05
11/16/2004,14.3
11/17/2004,14.84
11/18/2004,15.59
11/19/2004,15.95
11/22/2004,15.91
11/23/2004,15.878
11/24/2004,15.866
11/29/2004,15.822
11/30/2004,15.45
12/1/2004,14.88
12/2/2004,14.99
12/3/2004,14.95
12/6/2004,14.44
12/7/2004,14.06
12/8/2004,13.95
12/9/2004,13.58
12/10/2004,13.58
12/13/2004,13.15
12/14/2004,13.37
12/15/2004,13.67
12/16/2004,13.5
12/17/2004,13.43
12/20/2004,13.84
12/21/2004,13.85
12/22/2004,13.8
12/23/2004,13.72
12/27/2004,13.628
12/28/2004,13.712
12/29/2004,13.762
12/30/2004,13.774
1/3/2005,13.82
1/4/2005,13.89
1/5/2005,14.24
1/6/2005,14.13
1/7/2005,14.16
1/10/2005,14.62
1/11/2005,14.98
1/12/2005,15.05
1/13/2005,15.25
1/14/2005,15.42
1/18/2005,15.46
1/19/2005,16.2
1/20/2005,16.05
1/21/2005,16.05
1/24/2005,15.92
1/25/2005,15.88
1/26/2005,15.11
1/27/2005,14.862
1/28/2005,15.11
1/31/2005,14.664
2/1/2005,13.93
2/2/2005,13.7
2/3/2005,13.91
2/4/2005,13.8
2/7/2005,13.67
2/8/2005,13.61
2/9/2005,13.68
2/10/2005,13.8
2/11/2005,13.84
2/14/2005,13.75
2/15/2005,13.82
2/16/2005,13.81
2/17/2005,13.73
2/18/2005,13.66
2/22/2005,13.95
2/23/2005,14.736
2/24/2005,14.92
2/25/2005,15.34
2/28/2005,15.598
3/1/2005,15.65
3/2/2005,14.9
3/3/2005,14.15
3/4/2005,14.21
3/7/2005,14.05
3/8/2005,14
3/9/2005,13.96
3/10/2005,14.2
3/11/2005,14.07
3/14/2005,14.07
3/15/2005,14.2
3/16/2005,14.35
3/17/2005,13.9
3/18/2005,14.01
3/21/2005,13.99
3/22/2005,14.35
3/23/2005,14.5
3/24/2005,14.55
3/28/2005,14.616
3/29/2005,14.75
3/30/2005,14.842
3/31/2005,14.838
4/1/2005,14.44
4/4/2005,14.6
4/5/2005,14.3
4/6/2005,14.32
4/7/2005,14.25
4/8/2005,14.27
4/11/2005,14.35
4/12/2005,14.61
4/13/2005,14.39
4/14/2005,14.15
4/15/2005,14.18
4/18/2005,13.9
4/19/2005,14.06
4/20/2005,14.03
4/21/2005,13.94
4/22/2005,13.62
4/25/2005,13.5
4/26/2005,13.508
4/27/2005,13.418
4/28/2005,13.396
4/29/2005,13.44
5/2/2005,13.52
5/3/2005,13.55
5/4/2005,13.48
5/5/2005,13.45
5/6/2005,13.4
5/9/2005,13.31
5/10/2005,13.27
5/11/2005,13.3
5/12/2005,13.74
5/13/2005,13.86
5/16/2005,14.16
5/17/2005,14.08
5/18/2005,14.16
5/19/2005,13.84
5/20/2005,13.84
5/23/2005,13.55
5/24/2005,13.55
5/25/2005,13.694
5/26/2005,13.806
5/27/2005,13.952
5/31/2005,13.946
6/1/2005,14.24
6/2/2005,14.19
6/3/2005,14.3
6/6/2005,14.4
6/7/2005,14.23
6/8/2005,14.05
6/9/2005,13.95
6/10/2005,13.85
6/13/2005,14
6/14/2005,14.06
6/15/2005,14.08
6/16/2005,14.03
6/17/2005,13.93
6/20/2005,13.96
6/21/2005,14.17
6/22/2005,14.24
6/23/2005,14.19
6/24/2005,14.44
6/27/2005,14.61
6/28/2005,14.668
6/29/2005,14.65
6/30/2005,14.69
7/1/2005,14.84
7/5/2005,15.12
7/6/2005,15.2
7/7/2005,14.98
7/8/2005,14.88
7/11/2005,14.93
7/12/2005,15
7/13/2005,14.99
7/14/2005,15.04
7/15/2005,14.63
7/18/2005,14.57
7/19/2005,13.88
7/20/2005,13.88
7/21/2005,13.9
7/22/2005,14.09
7/25/2005,14.43
7/26/2005,14.376
7/27/2005,14.232
7/28/2005,14.29
7/29/2005,14.048
8/1/2005,14.15
8/2/2005,14.15
8/3/2005,14.35
8/4/2005,14.33
8/5/2005,14.45
8/8/2005,13.94
8/9/2005,13.93
8/10/2005,13.9
8/11/2005,13.92
8/12/2005,13.84
8/15/2005,13.98
8/16/2005,14.07
8/17/2005,13.98
8/18/2005,13.8
8/19/2005,13.95
8/22/2005,14.04
8/23/2005,14.04
8/24/2005,13.81
8/25/2005,14.28
8/26/2005,14.176
8/29/2005,14.156
8/30/2005,14.232
8/31/2005,14.356
9/1/2005,14.36
9/2/2005,14.28
9/6/2005,14.25
9/7/2005,14.26
9/8/2005,14.34
9/9/2005,14.45
9/12/2005,14.48
9/13/2005,14.29
9/14/2005,14.36
9/15/2005,14.41
9/16/2005,14.44
9/19/2005,14.47
9/20/2005,14.53
9/21/2005,14.42
9/22/2005,14.37
9/23/2005,14.3
9/26/2005,14.4
9/27/2005,14.242
9/28/2005,14.042
9/29/2005,13.84
9/30/2005,13.712
10/3/2005,13.57
10/4/2005,13.45
10/5/2005,13.47
10/6/2005,13.44
10/7/2005,13.48
10/10/2005,13.61
10/11/2005,13.7
10/12/2005,13.8
10/13/2005,13.8
10/14/2005,13.78
10/17/2005,13.8
10/18/2005,13.81
10/19/2005,13.88
10/20/2005,13.84
10/21/2005,13.67
10/24/2005,13.74
10/25/2005,13.68
10/26/2005,13.702
10/27/2005,13.586
10/28/2005,13.444
10/31/2005,13.312
11/1/2005,13.35
11/2/2005,13.26
11/3/2005,13.2
11/4/2005,13.15
11/7/2005,13.14
11/8/2005,13.05
11/9/2005,12.96
11/10/2005,13
11/11/2005,13.02
11/14/2005,13.05
11/15/2005,12.97
11/16/2005,12.9
11/17/2005,12.88
11/18/2005,12.92
11/21/2005,12.94
11/22/2005,13
11/23/2005,13.05
11/25/2005,12.994
11/28/2005,13.004
11/29/2005,12.954
11/30/2005,12.86
12/1/2005,12.8
12/2/2005,12.87
12/5/2005,12.93
12/6/2005,12.97
12/7/2005,13.02
12/8/2005,13.14
12/9/2005,13.09
12/12/2005,12.96
12/13/2005,13
12/14/2005,13.04
12/15/2005,13.18
12/16/2005,13.15
12/19/2005,13.53
12/20/2005,13.48
12/21/2005,13.55
12/22/2005,13.34
12/23/2005,13.28
12/27/2005,13.038
12/28/2005,13.002
12/29/2005,12.982
12/30/2005,12.978
1/3/2006,13.17
1/4/2006,13.25
1/5/2006,13.13
1/6/2006,13.05
1/9/2006,13.08
1/10/2006,13.05
1/11/2006,12.98
1/12/2006,12.88
1/13/2006,12.78
1/17/2006,12.78
1/18/2006,12.8
1/19/2006,12.72
1/20/2006,12.67
1/23/2006,12.59
1/24/2006,12.55
1/25/2006,12.53
1/26/2006,12.362
1/27/2006,12.298
1/30/2006,12.126
1/31/2006,12.21
2/1/2006,12.15
2/2/2006,12.01
2/3/2006,12.07
2/6/2006,11.98
2/7/2006,12.04
2/8/2006,11.9
2/9/2006,11.86
2/10/2006,11.69
2/13/2006,11.55
2/14/2006,11.55
2/15/2006,11.56
2/16/2006,11.47
2/17/2006,11.12
2/21/2006,10.92
2/22/2006,11.1
2/23/2006,10.974
2/24/2006,11.028
2/27/2006,10.994
2/28/2006,10.99
3/1/2006,11.17
3/2/2006,11.08
3/3/2006,10.9
3/6/2006,10.91
3/7/2006,10.9
3/8/2006,11.2
3/9/2006,11.15
3/10/2006,11.09
3/13/2006,11.05
3/14/2006,11.1
3/15/2006,11.1
3/16/2006,11.05
3/17/2006,10.98
3/20/2006,10.88
3/21/2006,10.85
3/22/2006,10.89
3/23/2006,10.95
3/24/2006,10.98
3/27/2006,10.95
3/28/2006,10.904
3/29/2006,10.94
3/30/2006,10.91
3/31/2006,10.896
4/3/2006,10.88
4/4/2006,10.9
4/5/2006,10.9
4/6/2006,10.86
4/7/2006,10.9
4/10/2006,10.87
4/11/2006,10.82
4/12/2006,10.78
4/13/2006,10.76
4/17/2006,10.77
4/18/2006,10.76
4/19/2006,10.8
4/20/2006,11.02
4/21/2006,11.1
4/24/2006,11.05
4/25/2006,11.11
4/26/2006,11.05
4/27/2006,10.916
4/28/2006,10.908
5/1/2006,10.91
5/2/2006,10.91
5/3/2006,10.88
5/4/2006,10.9
5/5/2006,10.89
5/8/2006,10.8
5/9/2006,10.82
5/10/2006,10.82
5/11/2006,10.85
5/12/2006,10.91
5/15/2006,11.17
5/16/2006,11.22
5/17/2006,11.29
5/18/2006,11.1
5/19/2006,11.12
5/22/2006,11.14
5/23/2006,11.2
5/24/2006,11.28
5/25/2006,11.44
5/26/2006,11.666
5/30/2006,11.87
5/31/2006,11.742
6/1/2006,11.88
6/2/2006,11.93
6/5/2006,11.91
6/6/2006,11.75
6/7/2006,11.68
6/8/2006,11.78
6/9/2006,11.75
6/12/2006,11.65
6/13/2006,11.7
6/14/2006,11.63
6/15/2006,11.5
6/16/2006,11.41
6/19/2006,11.37
6/20/2006,11.35
6/21/2006,11.26
6/22/2006,11.2
6/23/2006,11.23
6/26/2006,11.21
6/27/2006,11.332
6/28/2006,11.412
6/29/2006,11.434
6/30/2006,11.502
7/3/2006,11.63
7/5/2006,11.69
7/6/2006,11.55
7/7/2006,11.45
7/10/2006,11.39
7/11/2006,11.33
7/12/2006,11.37
7/13/2006,11.31
7/14/2006,11.26
7/17/2006,11.28
7/18/2006,11.3
7/19/2006,11.25
7/20/2006,11.22
7/21/2006,11.04
7/24/2006,11.12
7/25/2006,11.08
7/26/2006,11.31
7/27/2006,11.498
7/28/2006,11.71
7/31/2006,12.044
8/1/2006,12.24
8/2/2006,12.13
8/3/2006,12
8/4/2006,11.92
8/7/2006,11.86
8/8/2006,11.88
8/9/2006,11.68
8/10/2006,11.76
8/11/2006,11.9
8/14/2006,11.85
8/15/2006,11.9
8/16/2006,11.8
8/17/2006,12.23
8/18/2006,12.22
8/21/2006,12.13
8/22/2006,12.08
8/23/2006,12.18
8/24/2006,12.34
8/25/2006,12.47
8/28/2006,12.606
8/29/2006,12.596
8/30/2006,12.804
8/31/2006,12.862
9/1/2006,12.75
9/5/2006,12.66
9/6/2006,12.65
9/7/2006,12.63
9/8/2006,12.29
9/11/2006,12.29
9/12/2006,12.25
9/13/2006,12.35
9/14/2006,12.4
9/15/2006,12.37
9/18/2006,12.4
9/19/2006,12.39
9/20/2006,12.35
9/21/2006,12.5
9/22/2006,12.7
9/25/2006,12.58
9/26/2006,12.518
9/27/2006,12.512
9/28/2006,12.52
9/29/2006,12.56
10/2/2006,12.4
10/3/2006,12.4
10/4/2006,12.45
10/5/2006,12.48
10/6/2006,12.38
10/9/2006,12.32
10/10/2006,12.29
10/11/2006,12.1
10/12/2006,12.17
10/13/2006,12.27
10/16/2006,12.36
10/17/2006,12.37
10/18/2006,12.43
10/19/2006,12.43
10/20/2006,12.89
10/23/2006,12.74
10/24/2006,12.59
10/25/2006,12.44
10/26/2006,12.576
10/27/2006,12.698
10/30/2006,12.902
10/31/2006,12.93
11/1/2006,13.15
11/2/2006,13.38
11/3/2006,13.32
11/6/2006,13.04
11/7/2006,13.37
11/8/2006,13.6
11/9/2006,13.48
11/10/2006,13.87
11/13/2006,13.91
11/14/2006,13.88
11/15/2006,13.77
11/16/2006,13.9
11/17/2006,13.87
11/20/2006,13.8
11/21/2006,13.7
11/22/2006,13.7
11/27/2006,13.648
11/28/2006,13.62
11/29/2006,13.458
11/30/2006,13.29
12/1/2006,13.03
12/4/2006,12.96
12/5/2006,13.09
12/6/2006,13.24
12/7/2006,13.13
12/8/2006,13.05
12/11/2006,13.08
12/12/2006,13.16
12/13/2006,13.23
12/14/2006,13.15
12/15/2006,13.15
12/18/2006,13.16
12/19/2006,13.16
12/20/2006,13.15
12/21/2006,13.15
12/22/2006,13.1
12/26/2006,13.16
12/27/2006,13.21
12/28/2006,13.256
12/29/2006,13.296
1/3/2007,13.2
1/4/2007,13.43
1/5/2007,13.41
1/8/2007,13.52
1/9/2007,13.52
1/10/2007,13.43
1/11/2007,13.4
1/12/2007,13.63
1/16/2007,13.53
1/17/2007,13.61
1/18/2007,13.63
1/19/2007,13.7
1/22/2007,13.66
1/23/2007,13.73
1/24/2007,13.73
1/25/2007,14.05
1/26/2007,14.276
1/29/2007,14.098
1/30/2007,14.158
1/31/2007,14.144
2/1/2007,14.35
2/2/2007,14.26
2/5/2007,14.26
2/6/2007,14.6
2/7/2007,14.6
2/8/2007,14.65
2/9/2007,14.55
2/12/2007,14.38
2/13/2007,14.3
2/14/2007,14.32
2/15/2007,14.25
2/16/2007,14.36
2/20/2007,14.6
2/21/2007,14.67
2/22/2007,14.75
2/23/2007,14.64
2/26/2007,14.524
2/27/2007,14.316
2/28/2007,14.302
3/1/2007,14.2
3/2/2007,14.35
3/5/2007,14.4
3/6/2007,14.65
3/7/2007,14.6
3/8/2007,14.95
3/9/2007,15.01
3/12/2007,15.05
3/13/2007,14.98
3/14/2007,15
3/15/2007,15.2
3/16/2007,15.3
3/19/2007,15.62
3/20/2007,15.62
3/21/2007,15.62
3/22/2007,15.7
3/23/2007,15.62
3/26/2007,15.68
3/27/2007,15.53
3/28/2007,15.568
3/29/2007,15.61
3/30/2007,15.586
4/2/2007,15.35
4/3/2007,15.34
4/4/2007,15.45
4/5/2007,16.07
4/9/2007,16.14
4/10/2007,16.19
4/11/2007,16.08
4/12/2007,16.01
4/13/2007,16.45
4/16/2007,16.35
4/17/2007,16.64
4/18/2007,16.55
4/19/2007,17
4/20/2007,17.2
4/23/2007,17.25
4/24/2007,17.21
4/25/2007,17.284
4/26/2007,17.434
4/27/2007,17.716
4/30/2007,18.352
5/1/2007,18.85
5/2/2007,19.07
5/3/2007,19.03
5/4/2007,18.45
5/7/2007,17.85
5/8/2007,17.88
5/9/2007,18.2
5/10/2007,18.65
5/11/2007,18.75
5/14/2007,18.89
5/15/2007,18.65
5/16/2007,18.3
5/17/2007,18.95
5/18/2007,18.77
5/21/2007,18.87
5/22/2007,19.08
5/23/2007,19.36
5/24/2007,19.68
5/25/2007,19.658
5/29/2007,19.706
5/30/2007,19.984
5/31/2007,20.424
6/1/2007,20.74
6/4/2007,21.2
6/5/2007,20.89
6/6/2007,20.79
6/7/2007,20.87
6/8/2007,20.78
6/11/2007,21.2
6/12/2007,21.32
6/13/2007,21.55
6/14/2007,21.58
6/15/2007,21.58
6/18/2007,21.62
6/19/2007,21.75
6/20/2007,21.6
6/21/2007,21.85
6/22/2007,22.15
6/25/2007,22.3
6/26/2007,21.844
6/27/2007,21.112
6/28/2007,20.118
6/29/2007,19.124
7/2/2007,19.23
7/3/2007,19.56
7/5/2007,19.6
7/6/2007,19.45
7/9/2007,19.46
7/10/2007,19.56
7/11/2007,19.05
7/12/2007,19.05
7/13/2007,18.98
7/16/2007,19.15
7/17/2007,19.35
7/18/2007,19.14
7/19/2007,18.9
7/20/2007,19.1
7/23/2007,19.1
7/24/2007,18.9
7/25/2007,19.4
7/26/2007,18.962
7/27/2007,18.84
7/30/2007,18.95
7/31/2007,18.75
8/1/2007,18.6
8/2/2007,19.24
8/3/2007,19.4
8/6/2007,19.45
8/7/2007,19.84
8/8/2007,19.68
8/9/2007,19.5
8/10/2007,19.68
8/13/2007,19.59
8/14/2007,19.35
8/15/2007,19.56
8/16/2007,19.25
8/17/2007,19.36
8/20/2007,19.36
8/21/2007,19.8
8/22/2007,19.93
8/23/2007,19.78
8/24/2007,19.76
8/27/2007,19.79
8/28/2007,19.826
8/29/2007,20.09
8/30/2007,20.084
8/31/2007,19.924
9/4/2007,20.39
9/5/2007,20.4
9/6/2007,20.22
9/7/2007,20.07
9/10/2007,19.55
9/11/2007,20.27
9/12/2007,20.21
9/13/2007,19.5
9/14/2007,18.75
9/17/2007,18.55
9/18/2007,18.48
9/19/2007,19.09
9/20/2007,19.01
9/21/2007,18.26
9/24/2007,18.4
9/25/2007,18.122
9/26/2007,17.77
9/27/2007,17.588
9/28/2007,17.42
10/1/2007,17.51
10/2/2007,17.62
10/3/2007,17.34
10/4/2007,17.57
10/5/2007,17.2
10/8/2007,16.82
10/9/2007,17.04
10/10/2007,17.4
10/11/2007,17.42
10/12/2007,17.55
10/15/2007,17.8
10/16/2007,17.9
10/17/2007,17.6
10/18/2007,17.8
10/19/2007,17.88
10/22/2007,17.7
10/23/2007,17.65
10/24/2007,17.98
10/25/2007,18.3
10/26/2007,18.564
10/29/2007,18.29
10/30/2007,18.312
10/31/2007,18.222
11/1/2007,17.99
11/2/2007,17.8
11/5/2007,17.58
11/6/2007,17.9
11/7/2007,18.25
11/8/2007,18.17
11/9/2007,18.45
11/12/2007,18.72
11/13/2007,18.91
11/14/2007,18.88
11/15/2007,19.16
11/16/2007,19.55
11/19/2007,19.5
11/20/2007,19.82
11/21/2007,19.82
11/26/2007,20.15
11/27/2007,19.848
11/28/2007,19.46
11/29/2007,18.696
11/30/2007,18.522
12/3/2007,18.75
12/4/2007,18.57
12/5/2007,18.68
12/6/2007,18.49
12/7/2007,18.41
12/10/2007,18.52
12/11/2007,18.51
12/12/2007,18.34
12/13/2007,18.42
12/14/2007,18.17
12/17/2007,18.02
12/18/2007,17.63
12/19/2007,17.7
12/20/2007,17.83
12/21/2007,18.07
12/26/2007,18.588
12/27/2007,18.33
12/28/2007,18.072
1/2/2008,18.62
1/3/2008,19.12
1/4/2008,18.88
1/7/2008,18.13
1/8/2008,18.55
1/9/2008,17.87
1/10/2008,17.87
1/11/2008,17.85
1/14/2008,17.81
1/15/2008,17.69
1/16/2008,17.29
1/17/2008,17.38
1/18/2008,17.15
1/22/2008,16.75
1/23/2008,16.54
1/24/2008,16.75
1/25/2008,16.95
1/28/2008,17.336
1/29/2008,16.876
1/30/2008,16.86
1/31/2008,16.89
2/1/2008,17.2
2/4/2008,17.3
2/5/2008,17.32
2/6/2008,17.65
2/7/2008,17.69
2/8/2008,17.76
2/11/2008,17.79
2/12/2008,17.72
2/13/2008,17.74
2/14/2008,17.96
2/15/2008,17.83
2/19/2008,18.15
2/20/2008,18.47
2/21/2008,18.49
2/22/2008,18.38
2/25/2008,18.54
2/26/2008,18.406
2/27/2008,17.942
2/28/2008,17.462
2/29/2008,17.446
3/3/2008,17.24
3/4/2008,17.05
3/5/2008,17.05
3/6/2008,17.1
3/7/2008,17.1
3/10/2008,17.15
3/11/2008,16.98
3/12/2008,16.89
3/13/2008,16.88
3/14/2008,16.86
3/17/2008,16.76
3/18/2008,16.74
3/19/2008,16.75
3/20/2008,16.69
3/24/2008,16.8
3/25/2008,16.83
3/26/2008,16.944
3/27/2008,17.196
3/28/2008,17.05
3/31/2008,17.23
4/1/2008,17.29
4/2/2008,17.4
4/3/2008,17.34
4/4/2008,17.31
4/7/2008,17.2
4/8/2008,17.15
4/9/2008,17.45
4/10/2008,17.4
4/11/2008,17.2
4/14/2008,17.3
4/15/2008,17.29
4/16/2008,17.33
4/17/2008,17.67
4/18/2008,17.78
4/21/2008,17.83
4/22/2008,17.86
4/23/2008,17.86
4/24/2008,17.66
4/25/2008,17.714
4/28/2008,18.022
4/29/2008,18.348
4/30/2008,18.624
5/1/2008,18.65
5/2/2008,18.54
5/5/2008,18.85
5/6/2008,19.42
5/7/2008,19.37
5/8/2008,19.57
5/9/2008,19.48
5/12/2008,19.51
5/13/2008,19.83
5/14/2008,19.83
5/15/2008,19.67
5/16/2008,19.9
5/19/2008,20.3
5/20/2008,20.51
5/21/2008,20.47
5/22/2008,20.85
5/23/2008,20.88
5/27/2008,21.036
5/28/2008,20.91
5/29/2008,20.382
5/30/2008,20.374
6/2/2008,20.31
6/3/2008,20.5
6/4/2008,20.55
6/5/2008,20.73
6/6/2008,20.55
6/9/2008,20.26
6/10/2008,20.1
6/11/2008,20.03
6/12/2008,19.97
6/13/2008,19.68
6/16/2008,19.55
6/17/2008,19.61
6/18/2008,19.02
6/19/2008,18.94
6/20/2008,18.77
6/23/2008,18.62
6/24/2008,18.26
6/25/2008,18.596
6/26/2008,18.692
6/27/2008,18.8
6/30/2008,18.964
7/1/2008,18.96
7/2/2008,18.82
7/3/2008,19.12
7/7/2008,18.83
7/8/2008,18.72
7/9/2008,18.47
7/10/2008,18.35
7/11/2008,18.82
7/14/2008,18.66
7/15/2008,18.66
7/16/2008,18.88
7/17/2008,19.01
7/18/2008,18.99
7/21/2008,18.72
7/22/2008,18.63
7/23/2008,18.51
7/24/2008,18.78
7/25/2008,18.94
7/28/2008,18.91
7/29/2008,18.74
7/30/2008,18.072
7/31/2008,18.074
8/1/2008,18.02
8/4/2008,17.75
8/5/2008,17.53
8/6/2008,17.3
8/7/2008,17.45
8/8/2008,17.19
8/11/2008,17.22
8/12/2008,17.2
8/13/2008,17.03
8/14/2008,16.76
8/15/2008,16.48
8/18/2008,16.28
8/19/2008,16.06
8/20/2008,16.23
8/21/2008,16.55
8/22/2008,16.3
8/25/2008,16.15
8/26/2008,16.016
8/27/2008,16.124
8/28/2008,16.132
8/29/2008,16.05
9/2/2008,16.08
9/3/2008,16.01
9/4/2008,16.6
9/5/2008,16.68
9/8/2008,16.86
9/9/2008,16.85
9/10/2008,16.94
9/11/2008,16.88
9/12/2008,16.9
9/15/2008,16.82
9/16/2008,16.94
9/17/2008,17.18
9/18/2008,17.55
9/19/2008,17.49
9/22/2008,17.66
9/23/2008,17.46
9/24/2008,17.38
9/25/2008,17.224
9/26/2008,17.11
9/29/2008,16.302
9/30/2008,15.776
10/1/2008,15.55
10/2/2008,15.67
10/3/2008,15.62
10/6/2008,15.35
10/7/2008,15.67
10/8/2008,15.78
10/9/2008,16.03
10/10/2008,15.69
10/13/2008,15.75
10/14/2008,15.9
10/15/2008,15.95
10/16/2008,15.96
10/17/2008,15.69
10/20/2008,15.6
10/21/2008,15.72
10/22/2008,15.79
10/23/2008,15.8
10/24/2008,15.57
10/27/2008,15.5
10/28/2008,15.23
10/29/2008,15.12
10/30/2008,14.892
10/31/2008,14.668
11/3/2008,14.25
11/4/2008,14.15
11/5/2008,14
11/6/2008,13.98
11/7/2008,14.3
11/10/2008,14.94
11/11/2008,14.51
11/12/2008,14.45
11/13/2008,14.58
11/14/2008,14.81
11/17/2008,14.92
11/18/2008,15.12
11/19/2008,14.9
11/20/2008,14.7
11/21/2008,14.79
11/24/2008,14.884
11/25/2008,14.672
11/26/2008,14.464
12/1/2008,14.25
12/2/2008,14.36
12/3/2008,14.23
12/4/2008,14.17
12/5/2008,14.13
12/8/2008,14.35
12/9/2008,14.34
12/10/2008,14.3
12/11/2008,13.75
12/12/2008,13.2
12/15/2008,13.13
12/16/2008,13
12/17/2008,12.67
12/18/2008,12.29
12/19/2008,11.96
12/22/2008,11.9
12/23/2008,11.7
12/24/2008,11.56
12/29/2008,11.55
12/30/2008,10.986
12/31/2008,10.384
1/5/2009,10.19
1/6/2009,10.04
1/7/2009,9.4
1/8/2009,9.81
1/9/2009,9.92
1/12/2009,9.85
1/13/2009,9.71
1/14/2009,9.45
1/15/2009,9.32
1/16/2009,9.35
1/20/2009,9.34
1/21/2009,9.38
1/22/2009,9.29
1/23/2009,9.38
1/26/2009,9.36
1/27/2009,9.454
1/28/2009,9.774
1/29/2009,10.108
1/30/2009,10.154
2/2/2009,10
2/3/2009,9.85
2/4/2009,9.87
2/5/2009,9.94
2/6/2009,10.2
2/9/2009,10.39
2/10/2009,10.35
2/11/2009,10.35
2/12/2009,10.44
2/13/2009,10.44
2/17/2009,10.33
2/18/2009,10.72
2/19/2009,10.42
2/20/2009,10.4
2/23/2009,10.23
2/24/2009,10.246
2/25/2009,10.222
2/26/2009,10.33
2/27/2009,10.366
3/2/2009,10.45
3/3/2009,10.32
3/4/2009,10.35
3/5/2009,10.47
3/6/2009,10.73
3/9/2009,10.85
3/10/2009,10.59
3/11/2009,10.57
3/12/2009,10.7
3/13/2009,10.87
3/16/2009,11.04
3/17/2009,11.22
3/18/2009,10.88
3/19/2009,11.63
3/20/2009,11.41
3/23/2009,11.25
3/24/2009,11.25
3/25/2009,11.31
3/26/2009,11.446
3/27/2009,12.128
3/30/2009,11.78
3/31/2009,11.816
4/1/2009,11.57
4/2/2009,11.4
4/3/2009,11.45
4/6/2009,11.3
4/7/2009,10.99
4/8/2009,11.01
4/9/2009,10.87
4/13/2009,10.64
4/14/2009,10.44
4/15/2009,10.4
4/16/2009,10.27
4/17/2009,10.31
4/20/2009,10.28
4/21/2009,10.38
4/22/2009,10.32
4/23/2009,10.2
4/24/2009,10.13
4/27/2009,10.31
4/28/2009,10.352
4/29/2009,10.586
4/30/2009,10.632
5/1/2009,10.65
5/4/2009,10.54
5/5/2009,10.58
5/6/2009,10.53
5/7/2009,10.68
5/8/2009,10.55
5/11/2009,10.65
5/12/2009,10.55
5/13/2009,10.67
5/14/2009,10.41
5/15/2009,10.32
5/18/2009,10.32
5/19/2009,10.31
5/20/2009,10.13
5/21/2009,10.16
5/22/2009,10.12
5/26/2009,10.362
5/27/2009,10.68
5/28/2009,10.934
5/29/2009,10.972
6/1/2009,11.22
6/2/2009,11.1
6/3/2009,10.86
6/4/2009,10.73
6/5/2009,10.65
6/8/2009,10.6
6/9/2009,10.74
6/10/2009,10.59
6/11/2009,10.51
6/12/2009,10.45
6/15/2009,10.35
6/16/2009,10.28
6/17/2009,10.16
6/18/2009,10.13
6/19/2009,10.01
6/22/2009,10.05
6/23/2009,10.1
6/24/2009,10.05
6/25/2009,10.316
6/26/2009,10.474
6/29/2009,10.496
6/30/2009,10.51
7/1/2009,10.59
7/2/2009,10.52
7/6/2009,10.51
7/7/2009,10.71
7/8/2009,10.62
7/9/2009,10.41
7/10/2009,10.35
7/13/2009,10.37
7/14/2009,10.29
7/15/2009,10.27
7/16/2009,10.53
7/17/2009,10.52
7/20/2009,10.95
7/21/2009,10.74
7/22/2009,10.58
7/23/2009,10.75
7/24/2009,10.83
7/27/2009,10.85
7/28/2009,11.128
7/29/2009,11.324
7/30/2009,11.422
7/31/2009,12.13
8/3/2009,12.61
8/4/2009,12.11
8/5/2009,12.19
8/6/2009,12.44
8/7/2009,12.69
8/10/2009,12.74
8/11/2009,12.65
8/12/2009,12.77
8/13/2009,12.63
8/14/2009,12.63
8/17/2009,12.41
8/18/2009,12.58
8/19/2009,12.81
8/20/2009,12.9
8/21/2009,13
8/24/2009,13.02
8/25/2009,13.04
8/26/2009,12.782
8/27/2009,12.57
8/28/2009,12.52
8/31/2009,12.426
9/1/2009,12.32
9/2/2009,12.35
9/3/2009,12.4
9/4/2009,12.13
9/8/2009,12.11
9/9/2009,12.23
9/10/2009,12.33
9/11/2009,12.17
9/14/2009,12.29
9/15/2009,12.19
9/16/2009,12.11
9/17/2009,12.16
9/18/2009,12.55
9/21/2009,12.71
9/22/2009,12.59
9/23/2009,12.62
9/24/2009,12.55
9/25/2009,12.948
9/28/2009,12.972
9/29/2009,13.2
9/30/2009,13.292
10/1/2009,13.75
10/2/2009,13.96
10/5/2009,14
10/6/2009,14.21
10/7/2009,14.39
10/8/2009,14.31
10/9/2009,14.5
10/12/2009,14.63
10/13/2009,14.38
10/14/2009,14.41
10/15/2009,14.16
10/16/2009,13.8
10/19/2009,13.52
10/20/2009,13.88
10/21/2009,13.78
10/22/2009,13.69
10/23/2009,13.8
10/26/2009,13.8
10/27/2009,13.946
10/28/2009,13.952
10/29/2009,14.346
10/30/2009,14.682
11/2/2009,14.62
11/3/2009,14.72
11/4/2009,14.77
11/5/2009,14.7
11/6/2009,14.69
11/9/2009,14.65
11/10/2009,14.82
11/11/2009,14.61
11/12/2009,14.32
11/13/2009,14.41
11/16/2009,14.53
11/17/2009,14.53
11/18/2009,14.34
11/19/2009,14.2
11/20/2009,14.72
11/23/2009,14.73
11/24/2009,14.772
11/25/2009,14.896
11/30/2009,14.928
12/1/2009,14.97
12/2/2009,14.81
12/3/2009,14.72
12/4/2009,14.54
12/7/2009,14.44
12/8/2009,14.5
12/9/2009,14.66
12/10/2009,14.8
12/11/2009,14.93
12/14/2009,15.05
12/15/2009,14.89
12/16/2009,14.78
12/17/2009,14.8
12/18/2009,14.76
12/21/2009,14.71
12/22/2009,14.58
12/23/2009,14.27
12/24/2009,14.31
12/28/2009,14.26
12/29/2009,14.258
12/30/2009,14.088
12/31/2009,13.956
1/4/2010,13.7
1/5/2010,13.66
1/6/2010,13.52
1/7/2010,13.63
1/8/2010,13.83
1/11/2010,13.75
1/12/2010,13.65
1/13/2010,13.9
1/14/2010,13.92
1/15/2010,14.25
1/19/2010,14.39
1/20/2010,14.2
1/21/2010,14.09
1/22/2010,14.18
1/25/2010,14.21
1/26/2010,14.11
1/27/2010,13.962
1/28/2010,13.854
1/29/2010,13.706
2/1/2010,13.28
2/2/2010,13.43
2/3/2010,13.56
2/4/2010,13.57
2/5/2010,13.55
2/8/2010,13.55
2/9/2010,13.67
2/10/2010,14.14
2/11/2010,13.96
2/12/2010,13.77
2/16/2010,13.51
2/17/2010,13.31
2/18/2010,13.36
2/19/2010,13.37
2/22/2010,13.31
2/23/2010,13.332
2/24/2010,13.176
2/25/2010,12.934
2/26/2010,12.93
3/1/2010,12.89
3/2/2010,13.18
3/3/2010,13.01
3/4/2010,12.87
3/5/2010,12.89
3/8/2010,12.68
3/9/2010,12.55
3/10/2010,12.66
3/11/2010,12.79
3/12/2010,12.78
3/15/2010,12.67
3/16/2010,12.63
3/17/2010,12.44
3/18/2010,12.43
3/19/2010,12.45
3/22/2010,12.35
3/23/2010,12.35
3/24/2010,12.57
3/25/2010,12.54
3/26/2010,12.752
3/29/2010,12.862
3/30/2010,13.038
3/31/2010,13.08
4/1/2010,13.28
4/5/2010,13.48
4/6/2010,13.9
4/7/2010,13.82
4/8/2010,13.74
4/9/2010,13.75
4/12/2010,13.53
4/13/2010,13
4/14/2010,13.08
4/15/2010,13.12
4/16/2010,13.09
4/19/2010,13.12
4/20/2010,13.14
4/21/2010,13.28
4/22/2010,13.17
4/23/2010,13.31
4/26/2010,13.4
4/27/2010,13.592
4/28/2010,13.606
4/29/2010,13.738
4/30/2010,13.868
5/3/2010,13.83
5/4/2010,13.71
5/5/2010,13.63
5/6/2010,13.38
5/7/2010,13.64
5/10/2010,13.67
5/11/2010,13.72
5/12/2010,13.73
5/13/2010,13.88
5/14/2010,13.88
5/17/2010,13.75
5/18/2010,13.52
5/19/2010,13.75
5/20/2010,13.83
5/21/2010,13.88
5/24/2010,13.86
5/25/2010,13.58
5/26/2010,13.692
5/27/2010,13.914
5/28/2010,13.52
6/1/2010,13.3
6/2/2010,13.46
6/3/2010,13.28
6/4/2010,13.25
6/7/2010,13.24
6/8/2010,13.26
6/9/2010,13.2
6/10/2010,13.4
6/11/2010,13.48
6/14/2010,13.45
6/15/2010,13.58
6/16/2010,13.62
6/17/2010,13.6
6/18/2010,13.39
6/21/2010,13.35
6/22/2010,13.18
6/23/2010,13.25
6/24/2010,13.3
6/25/2010,13.61
6/28/2010,13.492
6/29/2010,13.686
6/30/2010,14.004
7/1/2010,14.34
7/2/2010,14.36
7/6/2010,14.62
7/7/2010,14.63
7/8/2010,14.66
7/9/2010,14.53
7/12/2010,14.78
7/13/2010,14.74
7/14/2010,14.96
7/15/2010,15.06
7/16/2010,14.9
7/19/2010,14.92
7/20/2010,14.93
7/21/2010,14.98
7/22/2010,14.9
7/23/2010,14.91
7/26/2010,15.01
7/27/2010,15.084
7/28/2010,15.054
7/29/2010,15.19
7/30/2010,15.308
8/2/2010,15.34
8/3/2010,15.13
8/4/2010,15.14
8/5/2010,15.24
8/6/2010,15.31
8/9/2010,15.44
8/10/2010,15.51
8/11/2010,15.55
8/12/2010,15.54
8/13/2010,15.4
8/16/2010,15.32
8/17/2010,15.32
8/18/2010,15.37
8/19/2010,15.38
8/20/2010,15.55
8/23/2010,15.58
8/24/2010,15.68
8/25/2010,15.73
8/26/2010,15.714
8/27/2010,15.768
8/30/2010,15.638
8/31/2010,15.814
9/1/2010,15.88
9/2/2010,15.65
9/3/2010,15.63
9/7/2010,15.64
9/8/2010,15.68
9/9/2010,15.75
9/10/2010,15.8
9/13/2010,15.91
9/14/2010,15.92
9/15/2010,15.91
9/16/2010,16.14
9/17/2010,16.18
9/20/2010,16.42
9/21/2010,16.44
9/22/2010,16.35
9/23/2010,16.47
9/24/2010,16.53
9/27/2010,16.434
9/28/2010,16.174
9/29/2010,16.064
9/30/2010,16.06
10/1/2010,16.03
10/4/2010,15.86
10/5/2010,16.11
10/6/2010,16.24
10/7/2010,16.23
10/8/2010,16.32
10/11/2010,16.28
10/12/2010,16.15
10/13/2010,16.13
10/14/2010,16.1
10/15/2010,15.55
10/18/2010,15.48
10/19/2010,15.48
10/20/2010,15.89
10/21/2010,15.74
10/22/2010,15.83
10/25/2010,15.83
10/26/2010,15.69
10/27/2010,15.478
10/28/2010,15.094
10/29/2010,14.586
11/1/2010,14.13
11/2/2010,14.22
11/3/2010,13.98
11/4/2010,14.29
11/5/2010,13.56
11/8/2010,13.32
11/9/2010,13.51
11/10/2010,13.38
11/11/2010,13.28
11/12/2010,13.26
11/15/2010,13.35
11/16/2010,13.7
11/17/2010,13.84
11/18/2010,13.99
11/19/2010,13.92
11/22/2010,13.87
11/23/2010,13.82
11/24/2010,13.58
11/29/2010,13.708
11/30/2010,13.782
12/1/2010,13.76
12/2/2010,13.66
12/3/2010,13.68
12/6/2010,13.45
12/7/2010,13.35
12/8/2010,13.2
12/9/2010,13.08
12/10/2010,13.02
12/13/2010,13.18
12/14/2010,13.11
12/15/2010,13.2
12/16/2010,13.27
12/17/2010,13.28
12/20/2010,13.12
12/21/2010,13.16
12/22/2010,13.08
12/23/2010,13.15
12/27/2010,13.1
12/28/2010,13.16
12/29/2010,13.406
12/30/2010,13.612
12/31/2010,13.62
1/3/2011,13.65
1/4/2011,13.69
1/5/2011,13.72
1/6/2011,13.88
1/7/2011,14.15
1/10/2011,14.39
1/11/2011,14.92
1/12/2011,14.87
1/13/2011,14.91
1/14/2011,15
1/18/2011,15.12
1/19/2011,14.9
1/20/2011,15.34
1/21/2011,15.93
1/24/2011,16.49
1/25/2011,16.3
1/26/2011,16.692
1/27/2011,16.884
1/28/2011,17.036
1/31/2011,17.892
2/1/2011,18.44
2/2/2011,18.04
2/3/2011,18.37
2/4/2011,18.5
2/7/2011,18.56
2/8/2011,18.61
2/9/2011,18.55
2/10/2011,18.56
2/11/2011,18.78
2/14/2011,18.73
2/15/2011,18.77
2/16/2011,18.94
2/17/2011,18.91
2/18/2011,18.51
2/22/2011,18.77
2/23/2011,18.522
2/24/2011,18.098
2/25/2011,18.314
2/28/2011,18.19
3/1/2011,18.11
3/2/2011,18.07
3/3/2011,18.3
3/4/2011,18.43
3/7/2011,18.4
3/8/2011,17.96
3/9/2011,18.25
3/10/2011,17.87
3/11/2011,17.41
3/14/2011,16.66
3/15/2011,16.4
3/16/2011,16.49
3/17/2011,16.79
3/18/2011,16.65
3/21/2011,16.54
3/22/2011,16.44
3/23/2011,16.35
3/24/2011,16.57
3/25/2011,16.79
3/28/2011,17.12
3/29/2011,16.792
3/30/2011,16.638
3/31/2011,16.702
4/1/2011,16.58
4/4/2011,16.2
4/5/2011,16.25
4/6/2011,16.45
4/7/2011,16.7
4/8/2011,17.08
4/11/2011,17.25
4/12/2011,17.09
4/13/2011,16.94
4/14/2011,16.85
4/15/2011,16.78
4/18/2011,16.35
4/19/2011,16.36
4/20/2011,16.41
4/21/2011,16.27
4/25/2011,16.16
4/26/2011,16.444
4/27/2011,16.844
4/28/2011,16.816
4/29/2011,17.146
5/2/2011,17.39
5/3/2011,17.38
5/4/2011,17.29
5/5/2011,17.1
5/6/2011,17.19
5/9/2011,17.27
5/10/2011,17.38
5/11/2011,16.76
5/12/2011,16.96
5/13/2011,16.92
5/16/2011,16.98
5/17/2011,17.24
5/18/2011,17.42
5/19/2011,17.66
5/20/2011,18.01
5/23/2011,17.84
5/24/2011,17.96
5/25/2011,18.454
5/26/2011,18.678
5/27/2011,18.864
5/31/2011,19.502
6/1/2011,20.05
6/2/2011,19.95
6/3/2011,20
6/6/2011,20.17
6/7/2011,19.42
6/8/2011,19.87
6/9/2011,19.77
6/10/2011,19.61
6/13/2011,19.77
6/14/2011,19.98
6/15/2011,19.83
6/16/2011,20.09
6/17/2011,20.04
6/20/2011,20.06
6/21/2011,20.07
6/22/2011,19.92
6/23/2011,19.85
6/24/2011,20.28
6/27/2011,20.124
6/28/2011,19.996
6/29/2011,19.83
6/30/2011,19.36
7/1/2011,18.83
7/5/2011,19.11
7/6/2011,18.89
7/7/2011,18.98
7/8/2011,19.16
7/11/2011,19.26
7/12/2011,19.21
7/13/2011,19.39
7/14/2011,19.48
7/15/2011,20.2
7/18/2011,20.69
7/19/2011,20.63
7/20/2011,20.86
7/21/2011,21.1
7/22/2011,21.32
7/25/2011,21.26
7/26/2011,20.93
7/27/2011,21.024
7/28/2011,20.99
7/29/2011,20.828
8/1/2011,20.8
8/2/2011,20.42
8/3/2011,20.31
8/4/2011,20.16
8/5/2011,20.35
8/8/2011,20.28
8/9/2011,20.17
8/10/2011,19.87
8/11/2011,19.12
8/12/2011,19.49
8/15/2011,19.63
8/16/2011,19.64
8/17/2011,18.89
8/18/2011,19.03
8/19/2011,18.65
8/22/2011,18.7
8/23/2011,17.97
8/24/2011,17.78
8/25/2011,18.53
8/26/2011,18.574
8/29/2011,18.576
8/30/2011,18.67
8/31/2011,18.634
9/1/2011,18.75
9/2/2011,18.87
9/6/2011,18.8
9/7/2011,18.46
9/8/2011,18.39
9/9/2011,18.27
9/12/2011,18.55
9/13/2011,18.92
9/14/2011,18.5
9/15/2011,18.51
9/16/2011,18.52
9/19/2011,17.77
9/20/2011,17.4
9/21/2011,17.77
9/22/2011,17.9
9/23/2011,17.99
9/26/2011,17.65
9/27/2011,17.306
9/28/2011,16.982
9/29/2011,17.244
9/30/2011,16.616
10/3/2011,16.18
10/4/2011,16.72
10/5/2011,17.07
10/6/2011,17.21
10/7/2011,17.87
10/10/2011,17.19
10/11/2011,17.1
10/12/2011,16.97
10/13/2011,17.38
10/14/2011,17.02
10/17/2011,17.48
10/18/2011,17.65
10/19/2011,17.36
10/20/2011,17.42
10/21/2011,17.65
10/24/2011,17.87
10/25/2011,17.6
10/26/2011,17.75
10/27/2011,17.834
10/28/2011,17.912
10/31/2011,17.664
11/1/2011,17.63
11/2/2011,17.72
11/3/2011,18.35
11/4/2011,18.22
11/7/2011,18.23
11/8/2011,18.41
11/9/2011,18.25
11/10/2011,18.36
11/11/2011,18.75
11/14/2011,19.32
11/15/2011,19.54
11/16/2011,18.98
11/17/2011,18.23
11/18/2011,18.27
11/21/2011,18.65
11/22/2011,18.32
11/23/2011,18.13
11/25/2011,17.9
11/28/2011,18.262
11/29/2011,18.032
11/30/2011,17.438
12/1/2011,17.34
12/2/2011,17.31
12/5/2011,17.48
12/6/2011,17.37
12/7/2011,17.22
12/8/2011,17.25
12/9/2011,16.86
12/12/2011,16.75
12/13/2011,16.78
12/14/2011,16.66
12/15/2011,16.67
12/16/2011,17.09
12/19/2011,17.3
12/20/2011,17.24
12/21/2011,17.22
12/22/2011,17.34
12/23/2011,17
12/27/2011,17.084
12/28/2011,17.196
12/29/2011,17.546
12/30/2011,17.396
1/3/2012,17.59
1/4/2012,17.4
1/5/2012,17.69
1/6/2012,17.75
1/9/2012,17.4
1/10/2012,17.34
1/11/2012,17.48
1/12/2012,17.4
1/13/2012,17.08
1/17/2012,16.97
1/18/2012,16.48
1/19/2012,16.49
1/20/2012,16.41
1/23/2012,16.28
1/24/2012,16.5
1/25/2012,16.58
1/26/2012,16.626
1/27/2012,16.672
1/30/2012,16.692
1/31/2012,16.552
2/1/2012,16.25
2/2/2012,15.82
2/3/2012,15.89
2/6/2012,15.88
2/7/2012,15.61
2/8/2012,15.46
2/9/2012,15.57
2/10/2012,15.63
2/13/2012,15.41
2/14/2012,15.54
2/15/2012,15.77
2/16/2012,15.63
2/17/2012,15.68
2/21/2012,15.41
2/22/2012,15.37
2/23/2012,15.23
2/24/2012,15.248
2/27/2012,15.352
2/28/2012,15.28
2/29/2012,15.5
3/1/2012,15.6
3/2/2012,14.99
3/5/2012,14.24
3/6/2012,14.89
3/7/2012,15.09
3/8/2012,15.24
3/9/2012,15.24
3/12/2012,15.46
3/13/2012,15.48
3/14/2012,15.69
3/15/2012,15.95
3/16/2012,15.82
3/19/2012,15.84
3/20/2012,15.89
3/21/2012,16.26
3/22/2012,16.31
3/23/2012,15.68
3/26/2012,15.61
3/27/2012,15.34
3/28/2012,15.63
3/29/2012,15.422
3/30/2012,15.66
4/2/2012,15.81
4/3/2012,15.59
4/4/2012,15.47
4/5/2012,15.31
4/9/2012,15.31
4/10/2012,15.36
4/11/2012,14.88
4/12/2012,14.68
4/13/2012,14.97
4/16/2012,14.98
4/17/2012,14.83
4/18/2012,14.68
4/19/2012,15.04
4/20/2012,15.15
4/23/2012,14.79
4/24/2012,15.01
4/25/2012,14.842
4/26/2012,14.582
4/27/2012,14.472
4/30/2012,14.404
5/1/2012,14.83
5/2/2012,14.59
5/3/2012,14.12
5/4/2012,14.09
5/7/2012,14.26
5/8/2012,14.25
5/9/2012,14.38
5/10/2012,14.42
5/11/2012,14.89
5/14/2012,14.7
5/15/2012,14.87
5/16/2012,15.25
5/17/2012,15.37
5/18/2012,15.39
5/21/2012,15.44
5/22/2012,15.41
5/23/2012,15.58
5/24/2012,15.57
5/25/2012,15.91
5/29/2012,15.764
5/30/2012,16.07
5/31/2012,16.188
6/1/2012,15.93
6/4/2012,15.71
6/5/2012,16.2
6/6/2012,16.11
6/7/2012,16.38
6/8/2012,16.45
6/11/2012,16.5
6/12/2012,16.71
6/13/2012,16.56
6/14/2012,16.18
6/15/2012,16.18
6/18/2012,16.42
6/19/2012,16.53
6/20/2012,16.66
6/21/2012,16.72
6/22/2012,16.66
6/25/2012,16.95
6/26/2012,17.15
6/27/2012,17.222
6/28/2012,17.294
6/29/2012,17.47
7/2/2012,17.25
7/3/2012,17.26
7/5/2012,17.48
7/6/2012,17.52
7/9/2012,17.52
7/10/2012,17.44
7/11/2012,17.54
7/12/2012,18.03
7/13/2012,18.22
7/16/2012,18.19
7/17/2012,18.03
7/18/2012,17.79
7/19/2012,17.76
7/20/2012,17.96
7/23/2012,17.82
7/24/2012,17.71
7/25/2012,17.68
7/26/2012,17.772
7/27/2012,17.72
7/30/2012,18.02
7/31/2012,18.072
8/1/2012,18.49
8/2/2012,18.4
8/3/2012,18.77
8/6/2012,19.12
8/7/2012,19.19
8/8/2012,19.25
8/9/2012,19.25
8/10/2012,19.17
8/13/2012,18.75
8/14/2012,18.75
8/15/2012,19.22
8/16/2012,19.62
8/17/2012,19.57
8/20/2012,19.05
8/21/2012,19.16
8/22/2012,19.06
8/23/2012,19.2
8/24/2012,19.1
8/27/2012,19.08
8/28/2012,19.246
8/29/2012,19.752
8/30/2012,19.758
8/31/2012,19.586
9/4/2012,19.95
9/5/2012,19.76
9/6/2012,19.64
9/7/2012,19.45
9/10/2012,19.01
9/11/2012,19.24
9/12/2012,19.37
9/13/2012,19.54
9/14/2012,19.97
9/17/2012,19.84
9/18/2012,19.97
9/19/2012,20.3
9/20/2012,20.28
9/21/2012,20.21
9/24/2012,20.14
9/25/2012,20.756
9/26/2012,20.89
9/27/2012,20.72
9/28/2012,20.836
10/1/2012,21
10/2/2012,20.95
10/3/2012,21.34
10/4/2012,21.26
10/5/2012,20.99
10/8/2012,21.09
10/9/2012,20.95
10/10/2012,20.71
10/11/2012,20.9
10/12/2012,21.07
10/15/2012,20.97
10/16/2012,20.24
10/17/2012,20.12
10/18/2012,20.61
10/19/2012,20.62
10/22/2012,20.58
10/23/2012,20.61
10/24/2012,20.79
10/25/2012,21.04
10/26/2012,20.96
10/29/2012,20.504
10/30/2012,20.436
10/31/2012,20.34
11/1/2012,20.25
11/2/2012,20.4
11/5/2012,20.42
11/6/2012,20.47
11/7/2012,19.82
11/8/2012,19.88
11/9/2012,19.49
11/12/2012,19.2
11/13/2012,19.38
11/14/2012,19.69
11/15/2012,18.97
11/16/2012,19.04
11/19/2012,19.3
11/20/2012,19.4
11/21/2012,19.21
11/23/2012,19.21
11/26/2012,19.08
11/27/2012,18.824
11/28/2012,19.03
11/29/2012,18.98
11/30/2012,18.78
12/3/2012,18.61
12/4/2012,18.27
12/5/2012,18.27
12/6/2012,17.99
12/7/2012,18.07
12/10/2012,18.12
12/11/2012,18.36
12/12/2012,18.16
12/13/2012,17.56
12/14/2012,17.75
12/17/2012,17.81
12/18/2012,18.06
12/19/2012,17.93
12/20/2012,17.8
12/21/2012,18.05
12/24/2012,18.37
12/26/2012,18.134
12/27/2012,18.216
12/28/2012,18.364
12/31/2012,18.238
1/2/2013,18.45
1/3/2013,18.58
1/4/2013,18.4
1/7/2013,18.04
1/8/2013,17.83
1/9/2013,17.7
1/10/2013,17.75
1/11/2013,17.61
1/14/2013,17.58
1/15/2013,17.65
1/16/2013,17.49
1/17/2013,17.5
1/18/2013,17.28
1/22/2013,17.27
1/23/2013,17.21
1/24/2013,17.12
1/25/2013,17.02
1/28/2013,16.99
1/29/2013,16.82
1/30/2013,16.854
1/31/2013,17.024
2/1/2013,17.26
2/4/2013,17.1
2/5/2013,16.99
2/6/2013,17.38
2/7/2013,17.39
2/8/2013,17.42
2/11/2013,17.2
2/12/2013,17.41
2/13/2013,17.44
2/14/2013,17.36
2/15/2013,17.3
2/19/2013,17.25
2/20/2013,17.05
2/21/2013,17.23
2/22/2013,17.24
2/25/2013,17.018
2/26/2013,17.054
2/27/2013,17.08
2/28/2013,17.148
3/1/2013,17.13
3/4/2013,17.18
3/5/2013,17.36
3/6/2013,17.38
3/7/2013,17.23
3/8/2013,17.2
3/11/2013,17.12
3/12/2013,17.07
3/13/2013,17
3/14/2013,17.16
3/15/2013,17.15
3/18/2013,17.38
3/19/2013,17.5
3/20/2013,17.57
3/21/2013,17.59
3/22/2013,17.58
3/25/2013,17.512
3/26/2013,17.752
3/27/2013,18.04
3/28/2013,18.124
4/1/2013,18.27
4/2/2013,18.44
4/3/2013,18.4
4/4/2013,18.37
4/5/2013,18.34
4/8/2013,18.62
4/9/2013,18.47
4/10/2013,18.31
4/11/2013,18.74
4/12/2013,18.85
4/15/2013,18.86
4/16/2013,19.01
4/17/2013,19.29
4/18/2013,19.27
4/19/2013,19.11
4/22/2013,18.92
4/23/2013,18.62
4/24/2013,18.69
4/25/2013,18.726
4/26/2013,18.924
4/29/2013,19.196
4/30/2013,19.366
5/1/2013,19.45
5/2/2013,19.31
5/3/2013,18.91
5/6/2013,18.86
5/7/2013,18.52
5/8/2013,18.34
5/9/2013,18.38
5/10/2013,18.08
5/13/2013,17.76
5/14/2013,17.81
5/15/2013,18.11
5/16/2013,18.45
5/17/2013,18.36
5/20/2013,18.29
5/21/2013,18.06
5/22/2013,18.1
5/23/2013,18.34
5/24/2013,17.91
5/28/2013,17.968
5/29/2013,18.136
5/30/2013,18.156
5/31/2013,18.268
6/3/2013,18.22
6/4/2013,18
6/5/2013,18.55
6/6/2013,18.66
6/7/2013,18.58
6/10/2013,18.62
6/11/2013,18.32
6/12/2013,18.08
6/13/2013,18.09
6/14/2013,18.03
6/17/2013,18.17
6/18/2013,17.98
6/19/2013,18.04
6/20/2013,17.92
6/21/2013,17.79
6/24/2013,17.34
6/25/2013,17.258
6/26/2013,17.364
6/27/2013,17.222
6/28/2013,17.592
7/1/2013,18.33
7/2/2013,18.33
7/3/2013,18.07
7/5/2013,17.96
7/8/2013,17.7
7/9/2013,17.7
7/10/2013,18.03
7/11/2013,17.8
7/12/2013,17.65
7/15/2013,17.65
7/16/2013,18.08
7/17/2013,17.99
7/18/2013,17.89
7/19/2013,18.26
7/22/2013,17.89
7/23/2013,17.88
7/24/2013,18
7/25/2013,18.03
7/26/2013,17.98
7/29/2013,18.088
7/30/2013,18.32
7/31/2013,18.528
8/1/2013,18.52
8/2/2013,18.42
8/5/2013,18.39
8/6/2013,17.69
8/7/2013,18.14
8/8/2013,18.38
8/9/2013,18.05
8/12/2013,17.88
8/13/2013,17.95
8/14/2013,18.14
8/15/2013,18.08
8/16/2013,18.23
8/19/2013,17.8
8/20/2013,17.56
8/21/2013,17.19
8/22/2013,17.03
8/23/2013,17.28
8/26/2013,17.59
8/27/2013,17.72
8/28/2013,17.894
8/29/2013,17.674
8/30/2013,18.118
9/3/2013,18.12
9/4/2013,18.23
9/5/2013,18.11
9/6/2013,17.86
9/9/2013,17.82
9/10/2013,18.06
9/11/2013,18.23
9/12/2013,18.29
9/13/2013,18.19
9/16/2013,17.8
9/17/2013,17.66
9/18/2013,17.88
9/19/2013,18
9/20/2013,18.09
9/23/2013,17.92
9/24/2013,18.04
9/25/2013,17.852
9/26/2013,17.888
9/27/2013,17.84
9/30/2013,17.84
10/1/2013,17.93
10/2/2013,17.86
10/3/2013,17.9
10/4/2013,17.98
10/7/2013,17.76
10/8/2013,17.9
10/9/2013,18.06
10/10/2013,18.18
10/11/2013,18.2
10/14/2013,18.22
10/15/2013,18.17
10/16/2013,18.28
10/17/2013,18.29
10/18/2013,18.32
10/21/2013,18.26
10/22/2013,18.46
10/23/2013,18.55
10/24/2013,18.68
10/25/2013,18.73
10/28/2013,18.602
10/29/2013,18.382
10/30/2013,18.332
10/31/2013,18.422
11/1/2013,18.27
11/4/2013,18.08
11/5/2013,18.13
11/6/2013,17.86
11/7/2013,17.9
11/8/2013,17.89
11/11/2013,18.09
11/12/2013,17.97
11/13/2013,18.01
11/14/2013,18.1
11/15/2013,17.98
11/18/2013,17.89
11/19/2013,17.87
11/20/2013,17.77
11/21/2013,18.09
11/22/2013,18.08
11/25/2013,18.112
11/26/2013,18.09
11/27/2013,18.02
11/29/2013,17.87
12/2/2013,17.97
12/3/2013,18.4
12/4/2013,18.72
12/5/2013,18.45
12/6/2013,18.55
12/9/2013,18.69
12/10/2013,18.61
12/11/2013,18.43
12/12/2013,18.34
12/13/2013,18.52
12/16/2013,18.67
12/17/2013,19.12
12/18/2013,19.22
12/19/2013,19.45
12/20/2013,19.63
12/23/2013,19.59
12/24/2013,19.64
12/26/2013,19.474
12/27/2013,19.2
12/30/2013,18.87
12/31/2013,18.804
1/2/2014,19.12
1/3/2014,19.68
1/6/2014,19.83
1/7/2014,20.15
1/8/2014,20.45
1/9/2014,20.16
1/10/2014,20.21
1/13/2014,20.47
1/14/2014,21.01
1/15/2014,21.04
1/16/2014,21.79
1/17/2014,21.92
1/21/2014,22.4
1/22/2014,22.07
1/23/2014,22.35
1/24/2014,22.45
1/27/2014,22.78
1/28/2014,22.514
1/29/2014,22.13
1/30/2014,22.234
1/31/2014,21.798
2/3/2014,20.82
2/4/2014,20.52
2/5/2014,20.83
2/6/2014,21.05
2/7/2014,20.72
2/10/2014,20.5
2/11/2014,20.99
2/12/2014,20.81
2/13/2014,21.04
2/14/2014,21.04
2/18/2014,21.26
2/19/2014,21.33
2/20/2014,21.49
2/21/2014,21.79
2/24/2014,22.18
2/25/2014,21.676
2/26/2014,21.344
2/27/2014,21.474
2/28/2014,21.11
3/3/2014,20.26
3/4/2014,20.26
3/5/2014,20.54
3/6/2014,21.21
3/7/2014,21.25
3/10/2014,21.42
3/11/2014,21.39
3/12/2014,21.46
3/13/2014,21.81
3/14/2014,22.37
3/17/2014,23.12
3/18/2014,23.02
3/19/2014,23.09
3/20/2014,23.05
3/21/2014,23.53
3/24/2014,24.09
3/25/2014,23.83
3/26/2014,23.098
3/27/2014,23.094
3/28/2014,22.508
3/31/2014,22.126
4/1/2014,22.26
4/2/2014,22.36
4/3/2014,22.7
4/4/2014,21.96
4/7/2014,21.43
4/8/2014,21.58
4/9/2014,21.45
4/10/2014,21.22
4/11/2014,21.5
4/14/2014,22.03
4/15/2014,21.81
4/16/2014,22
4/17/2014,22.14
4/21/2014,21.84
4/22/2014,22.29
4/23/2014,22.41
4/24/2014,22.86
4/25/2014,22.326
4/28/2014,21.802
4/29/2014,21.508
4/30/2014,21.486
5/1/2014,21.82
5/2/2014,21.55
5/5/2014,21.43
5/6/2014,21.09
5/7/2014,21.49
5/8/2014,21.69
5/9/2014,21.23
5/12/2014,21.11
5/13/2014,20.7
5/14/2014,20.94
5/15/2014,20.57
5/16/2014,20.49
5/19/2014,20.19
5/20/2014,20.27
5/21/2014,20.23
5/22/2014,20.98
5/23/2014,21.06
5/27/2014,21.688
5/28/2014,20.846
5/29/2014,20.376
5/30/2014,20.662
6/2/2014,20.78
6/3/2014,20.4
6/4/2014,20.33
6/5/2014,20.7
6/6/2014,20.38
6/9/2014,20.54
6/10/2014,20.71
6/11/2014,21.08
6/12/2014,20.88
6/13/2014,20.93
6/16/2014,21.04
6/17/2014,21.79
6/18/2014,21.71
6/19/2014,21.61
6/20/2014,21.55
6/23/2014,21.88
6/24/2014,21.95
6/25/2014,21.678
6/26/2014,21.734
6/27/2014,21.316
6/30/2014,21.194
7/1/2014,20.69
7/2/2014,20.38
7/3/2014,20.58
7/7/2014,20.66
7/8/2014,20.53
7/9/2014,20.35
7/10/2014,20.6
7/11/2014,20.7
7/14/2014,20.97
7/15/2014,21.02
7/16/2014,21.27
7/17/2014,21.42
7/18/2014,21.33
7/21/2014,21.4
7/22/2014,21.6
7/23/2014,21.8
7/24/2014,21.69
7/25/2014,21.45
7/28/2014,21.494
7/29/2014,21.524
7/30/2014,21.332
7/31/2014,21.376
8/1/2014,21.57
8/4/2014,21.94
8/5/2014,21.49
8/6/2014,21.55
8/7/2014,21.76
8/8/2014,21.54
8/11/2014,21.8
8/12/2014,22.06
8/13/2014,22.06
8/14/2014,22.7
8/15/2014,22.64
8/18/2014,22.43
8/19/2014,22.85
8/20/2014,23.14
8/21/2014,23.63
8/22/2014,23.53
8/25/2014,23.75
8/26/2014,23.894
8/27/2014,23.608
8/28/2014,23.248
8/29/2014,23.086
9/2/2014,23.19
9/3/2014,22.67
9/4/2014,22.63
9/5/2014,22.67
9/8/2014,22.98
9/9/2014,23.57
9/10/2014,22.82
9/11/2014,22.78
9/12/2014,23.35
9/15/2014,23.87
9/16/2014,24.19
9/17/2014,24.7
9/18/2014,24.76
9/19/2014,24.7
9/22/2014,24.62
9/23/2014,24.66
9/24/2014,25
9/25/2014,24.288
9/26/2014,23.386
9/29/2014,22.364
9/30/2014,21.596
10/1/2014,21.12
10/2/2014,21.3
10/3/2014,21.74
10/6/2014,21.59
10/7/2014,21.3
10/8/2014,21.3
10/9/2014,21.87
10/10/2014,21.88
10/13/2014,21.56
10/14/2014,21.97
10/15/2014,21.49
10/16/2014,21.75
10/17/2014,21.57
10/20/2014,21.68
10/21/2014,21.69
10/22/2014,21.74
10/23/2014,21.01
10/24/2014,20.79
10/27/2014,21.22
10/28/2014,20.872
10/29/2014,20.566
10/30/2014,20.068
10/31/2014,19.442
11/3/2014,18.94
11/4/2014,19.19
11/5/2014,19.5
11/6/2014,19.22
11/7/2014,19.18
11/10/2014,18.99
11/11/2014,18.66
11/12/2014,18.88
11/13/2014,18.7
11/14/2014,18.85
11/17/2014,18.37
11/18/2014,18.35
11/19/2014,18.55
11/20/2014,18.69
11/21/2014,18.92
11/24/2014,18.346
11/25/2014,17.936
11/26/2014,17.28
11/28/2014,17.04
12/1/2014,16.21
12/2/2014,16.6
12/3/2014,16.6
12/4/2014,16.18
12/5/2014,16.15
12/8/2014,15.89
12/9/2014,15.9
12/10/2014,15.9
12/11/2014,15.9
12/12/2014,15.8
12/15/2014,15.61
12/16/2014,15.58
12/17/2014,15.75
12/18/2014,16.23
12/19/2014,16.4
12/22/2014,16.78
12/23/2014,16.26
12/24/2014,15.89
12/26/2014,15.644
12/29/2014,15.61
12/30/2014,15.848
12/31/2014,15.734
1/2/2015,15.49
1/5/2015,14.99
1/6/2015,14.7
1/7/2015,14.94
1/8/2015,14.93
1/9/2015,14.84
1/12/2015,14.94
1/13/2015,15.07
1/14/2015,14.36
1/15/2015,14.48
1/16/2015,14.43
1/20/2015,14.45
1/21/2015,14.58
1/22/2015,14.76
1/23/2015,14.98
1/26/2015,15.24
1/27/2015,15.162
1/28/2015,15.088
1/29/2015,15.672
1/30/2015,15.728
2/2/2015,15.65
2/3/2015,15.75
2/4/2015,15.6
2/5/2015,15.76
2/6/2015,16
2/9/2015,15.51
2/10/2015,15.11
2/11/2015,15.11
2/12/2015,15.57
2/13/2015,15.52
2/17/2015,16.13
2/18/2015,16.1
2/19/2015,15.81
2/20/2015,15.53
2/23/2015,15.36
2/24/2015,15.37
2/25/2015,15.306
2/26/2015,15.494
2/27/2015,15.834
3/2/2015,15.65
3/3/2015,15.53
3/4/2015,15.4
3/5/2015,15.42
3/6/2015,15.5
3/9/2015,15.26
3/10/2015,15.47
3/11/2015,15.41
3/12/2015,15.41
3/13/2015,15.4
3/16/2015,15.39
3/17/2015,15.38
3/18/2015,15.55
3/19/2015,15.51
3/20/2015,15.5
3/23/2015,15.39
3/24/2015,15.52
3/25/2015,15.57
3/26/2015,15.46
3/27/2015,15.498
3/30/2015,15.694
3/31/2015,15.834
4/1/2015,15.62
4/2/2015,15.57
4/6/2015,15.65
4/7/2015,15.89
4/8/2015,15.82
4/9/2015,15.97
4/10/2015,15.77
4/13/2015,15.6
4/14/2015,15.6
4/15/2015,15.62
4/16/2015,15.89
4/17/2015,15.99
4/20/2015,16.28
4/21/2015,16.45
4/22/2015,16.44
4/23/2015,16.71
4/24/2015,16.6
4/27/2015,16.554
4/28/2015,16.364
4/29/2015,16.3
4/30/2015,16.316
5/1/2015,16.45
5/4/2015,16.87
5/5/2015,16.67
5/6/2015,16.9
5/7/2015,17
5/8/2015,17.36
5/11/2015,17.05
5/12/2015,16.98
5/13/2015,16.77
5/14/2015,16.71
5/15/2015,16.57
5/18/2015,16.65
5/19/2015,16.51
5/20/2015,16.5
5/21/2015,16.59
5/22/2015,16.47
5/26/2015,16.424
5/27/2015,16.666
5/28/2015,17.014
5/29/2015,17.3
6/1/2015,17.57
6/2/2015,17.46
6/3/2015,16.94
6/4/2015,16.98
6/5/2015,16.91
6/8/2015,17.14
6/9/2015,17.52
6/10/2015,17.48
6/11/2015,17.51
6/12/2015,17.16
6/15/2015,16.95
6/16/2015,16.99
6/17/2015,16.63
6/18/2015,16.18
6/19/2015,16.33
6/22/2015,16.59
6/23/2015,16.44
6/24/2015,16.55
6/25/2015,16.68
6/26/2015,16.29
6/29/2015,16.144
6/30/2015,16.422
7/1/2015,16.65
7/2/2015,16.51
7/6/2015,16.25
7/7/2015,16.26
7/8/2015,16.25
7/9/2015,16.61
7/10/2015,16.56
7/14/2015,16.4
7/15/2015,16.09
7/16/2015,16.07
7/17/2015,15.94
7/20/2015,15.84
7/21/2015,16.31
7/22/2015,16.39
7/23/2015,16.68
7/24/2015,16.28
7/27/2015,15.99
7/28/2015,16.058
7/29/2015,16.328
7/30/2015,16.518
7/31/2015,16.53
8/3/2015,16.73
8/4/2015,16.78
8/5/2015,16.72
8/6/2015,16.82
8/7/2015,16.56
8/10/2015,16.7
8/11/2015,16.62
8/12/2015,16.63
8/13/2015,16.55
8/14/2015,16.46
8/17/2015,16.47
8/18/2015,16.68
8/19/2015,16.76
8/20/2015,16.93
8/21/2015,16.78
8/24/2015,16.42
8/25/2015,16.44
8/26/2015,16.454
8/27/2015,16.29
8/28/2015,16.308
8/31/2015,16.442
9/1/2015,16.75
9/2/2015,16.54
9/3/2015,16.59
9/4/2015,16.37
9/8/2015,16.28
9/9/2015,16.33
9/10/2015,16.24
9/11/2015,16.01
9/14/2015,15.86
9/15/2015,15.86
9/16/2015,15.57
9/17/2015,15.81
9/18/2015,15.81
9/21/2015,15.5
9/22/2015,15.54
9/23/2015,15.37
9/24/2015,15.57
9/25/2015,15.554
9/28/2015,15.456
9/29/2015,15.502
9/30/2015,15.672
10/1/2015,15.71
10/2/2015,15.63
10/5/2015,15.85
10/6/2015,15.76
10/7/2015,15.55
10/8/2015,15.75
10/9/2015,15.83
10/12/2015,15.89
10/13/2015,15.77
10/14/2015,15.73
10/15/2015,15.65
10/16/2015,15.66
10/19/2015,15.51
10/20/2015,15.46
10/21/2015,15.69
10/22/2015,15.67
10/23/2015,15.46
10/26/2015,15.51
10/27/2015,15.528
10/28/2015,15.492
10/29/2015,15.382
10/30/2015,15.344
11/2/2015,15.26
11/3/2015,15.15
11/4/2015,15.25
11/5/2015,15.41
11/6/2015,15.54
11/9/2015,15.42
11/10/2015,15.18
11/11/2015,15.16
11/12/2015,15.12
11/13/2015,15.06
11/16/2015,14.82
11/17/2015,14.74
11/18/2015,14.84
11/19/2015,14.81
11/20/2015,14.77
11/23/2015,14.68
11/24/2015,14.468
11/25/2015,14.488
11/27/2015,14.442
11/30/2015,14.444
12/1/2015,14.38
12/2/2015,14.36
12/3/2015,14.37
12/4/2015,14.28
12/7/2015,14.35
12/8/2015,14.15
12/9/2015,14.02
12/10/2015,14.03
12/11/2015,13.7
12/14/2015,13.73
12/15/2015,13.67
12/16/2015,13.57
12/17/2015,13.67
12/18/2015,13.59
12/21/2015,13.48
12/22/2015,13.41
12/23/2015,13.36
12/24/2015,13.34
12/28/2015,13.722
12/29/2015,13.624
12/30/2015,13.766
12/31/2015,13.712
1/4/2016,13.68
1/5/2016,13.3
1/6/2016,13.2
1/7/2016,13.23
1/8/2016,13.55
1/11/2016,13.45
1/12/2016,13.56
1/13/2016,13.68
1/14/2016,13.98
1/15/2016,14.18
1/19/2016,13.72
1/20/2016,13.68
1/21/2016,13.74
1/22/2016,13.78
1/25/2016,13.68
1/26/2016,13.716
1/27/2016,13.88
1/28/2016,13.808
1/29/2016,13.882
2/1/2016,13.85
2/2/2016,13.88
2/3/2016,13.97
2/4/2016,14.08
2/5/2016,13.96
2/8/2016,13.87
2/9/2016,13.96
2/10/2016,13.97
2/11/2016,14.01
2/12/2016,14.06
2/16/2016,13.9
2/17/2016,13.87
2/18/2016,13.88
2/19/2016,13.85
2/22/2016,13.67
2/23/2016,13.53
2/24/2016,13.356
2/25/2016,13.49
2/26/2016,13.564
2/29/2016,13.604
3/1/2016,13.31
3/2/2016,13.33
3/3/2016,13.52
3/4/2016,13.53
3/7/2016,13.63
3/8/2016,13.64
3/9/2016,13.48
3/10/2016,13.56
3/11/2016,13.66
3/14/2016,13.48
3/15/2016,13.4
3/16/2016,13.53
3/17/2016,13.63
3/18/2016,13.88
3/21/2016,13.95
3/22/2016,13.81
3/23/2016,13.77
3/24/2016,13.86
3/28/2016,13.822
3/29/2016,13.764
3/30/2016,13.826
3/31/2016,13.964
4/1/2016,13.98
4/4/2016,13.8
4/5/2016,13.72
4/6/2016,13.69
4/7/2016,13.73
4/8/2016,13.67
4/11/2016,13.7
4/12/2016,13.78
4/13/2016,13.7
4/14/2016,13.61
4/15/2016,13.62
4/18/2016,13.66
4/19/2016,13.65
4/20/2016,13.58
4/21/2016,13.39
4/22/2016,13.3
4/25/2016,13.28
4/26/2016,13.212
4/27/2016,13.19
4/28/2016,13.294
4/29/2016,13.242
5/2/2016,12.99
5/3/2016,12.92
5/4/2016,12.91
5/5/2016,13.01
5/6/2016,12.92
5/9/2016,12.59
5/10/2016,12.52
5/11/2016,12.76
5/12/2016,12.35
5/13/2016,12.26
5/16/2016,12.37
5/17/2016,12.4
5/18/2016,12.37
5/19/2016,12.3
5/20/2016,12.48
5/23/2016,12.49
5/24/2016,12.6
5/25/2016,12.768
5/26/2016,13.08
5/27/2016,13.03
5/31/2016,12.942
6/1/2016,13.09
6/2/2016,13.49
6/3/2016,13.91
6/6/2016,14.19
6/7/2016,13.78
6/8/2016,14.29
6/9/2016,15.04
6/10/2016,14.54
6/13/2016,15.29
6/14/2016,14.92
6/15/2016,15.38
6/16/2016,15
6/17/2016,15.04
6/20/2016,15.26
6/21/2016,15.07
6/22/2016,14.91
6/23/2016,15.01
6/24/2016,14.84
6/27/2016,15.084
6/28/2016,15.596
6/29/2016,16.206
6/30/2016,16.146
7/1/2016,15.89
7/5/2016,15.7
7/6/2016,15.92
7/7/2016,16.17
7/8/2016,15.96
7/11/2016,15.77
7/12/2016,15.77
7/13/2016,15.89
7/14/2016,16.41
7/15/2016,16.46
7/18/2016,16.5
7/19/2016,16.58
7/20/2016,16.5
7/21/2016,16.45
7/22/2016,16.72
7/25/2016,16.96
7/26/2016,16.836
7/27/2016,16.876
7/28/2016,16.808
7/29/2016,16.8
8/1/2016,16.91
8/2/2016,17.02
8/3/2016,17.07
8/4/2016,16.99
8/5/2016,17.16
8/8/2016,17.24
8/9/2016,17.3
8/10/2016,17.18
8/11/2016,17.1
8/12/2016,17.1
8/15/2016,17.22
8/16/2016,17.39
8/17/2016,17.73
8/18/2016,17.91
8/19/2016,17.88
8/22/2016,17.82
8/23/2016,17.75
8/24/2016,17.45
8/25/2016,17.1
8/26/2016,16.594
8/29/2016,16.538
8/30/2016,16.612
8/31/2016,16.556
9/1/2016,16.84
9/2/2016,16.98
9/6/2016,17.32
9/7/2016,17.17
9/8/2016,16.81
9/9/2016,16.7
9/12/2016,16.43
9/13/2016,16.5
9/14/2016,16.47
9/15/2016,16.33
9/16/2016,16.07
9/19/2016,15.74
9/20/2016,16.2
9/21/2016,15.94
9/22/2016,15.66
9/23/2016,15.56
9/26/2016,15.34
9/27/2016,15.246
9/28/2016,15.43
9/29/2016,15.368
9/30/2016,15.546
10/3/2016,15.44
10/4/2016,15.23
10/5/2016,15.18
10/6/2016,15.48
10/7/2016,15.47
10/10/2016,15.25
10/11/2016,14.95
10/12/2016,15.19
10/13/2016,15.1
10/14/2016,15.04
10/17/2016,15.25
10/18/2016,15.61
10/19/2016,15.47
10/20/2016,15.41
10/21/2016,15.46
10/24/2016,15.36
10/25/2016,15.4
10/26/2016,15.394
10/27/2016,15.454
10/28/2016,15.618
10/31/2016,15.912
11/1/2016,16.01
11/2/2016,16.07
11/3/2016,16.27
11/4/2016,16.45
11/7/2016,16.72
11/8/2016,16.46
11/9/2016,16.48
11/10/2016,16.65
11/11/2016,16.28
11/14/2016,16.33
11/15/2016,16.44
11/16/2016,16.48
11/17/2016,16.71
11/18/2016,16.94
11/21/2016,16.98
11/22/2016,17.13
11/23/2016,16.86
11/25/2016,16.73
11/28/2016,16.706
11/29/2016,16.626
11/30/2016,16.604
12/1/2016,16.82
12/2/2016,16.96
12/5/2016,16.75
12/6/2016,16.58
12/7/2016,16.51
12/8/2016,16.53
12/9/2016,16.68
12/12/2016,17.28
12/13/2016,17.13
12/14/2016,17.09
12/15/2016,16.96
12/16/2016,16.95
12/19/2016,17.19
12/20/2016,16.99
12/21/2016,16.62
12/22/2016,16.73
12/23/2016,16.64
12/27/2016,16.628
12/28/2016,16.806
12/29/2016,16.844
12/30/2016,16.854
1/3/2017,16.92
1/4/2017,16.84
1/5/2017,16.7
1/6/2017,16.99
1/9/2017,17.14
1/10/2017,17.42
1/11/2017,17.33
1/12/2017,17.34
1/13/2017,17.18
1/17/2017,17.03
1/18/2017,16.91
1/19/2017,17
1/20/2017,16.96
1/23/2017,16.66
1/24/2017,16.7
1/25/2017,16.57
1/26/2017,16.672
1/27/2017,16.832
1/30/2017,16.872
1/31/2017,17.062
2/1/2017,17.15
2/2/2017,17.4
2/3/2017,17.19
2/6/2017,16.92
2/7/2017,16.81
2/8/2017,16.94
2/9/2017,16.97
2/10/2017,16.91
2/13/2017,16.84
2/14/2017,16.91
2/15/2017,17.03
2/16/2017,16.93
2/17/2017,16.87
2/21/2017,16.57
2/22/2017,16.38
2/23/2017,16.476
2/24/2017,16.29
2/27/2017,16.046
2/28/2017,16.182
3/1/2017,15.89
3/2/2017,15.96
3/3/2017,15.92
3/6/2017,15.83
3/7/2017,15.99
3/8/2017,16.13
3/9/2017,15.88
3/10/2017,15.61
3/13/2017,15.51
3/14/2017,15.51
3/15/2017,15.24
3/16/2017,14.96
3/17/2017,15.28
3/20/2017,15.1
3/21/2017,15.46
3/22/2017,15.41
3/23/2017,15.05
3/24/2017,14.99
3/27/2017,15
3/28/2017,15.246
3/29/2017,15.366
3/30/2017,15.666
3/31/2017,15.662
4/3/2017,15.86
4/4/2017,15.53
4/5/2017,15.36
4/6/2017,15.13
4/7/2017,15.1
4/10/2017,15.02
4/11/2017,15.23
4/12/2017,15.49
4/13/2017,15.2
4/17/2017,15.14
4/18/2017,15.21
4/19/2017,15.18
4/20/2017,15.33
4/21/2017,15.64
4/24/2017,15.61
4/25/2017,15.34
4/26/2017,15.336
4/27/2017,15.584
4/28/2017,15.446
5/1/2017,15.48
5/2/2017,15.55
5/3/2017,15.41
5/4/2017,15.69
5/5/2017,15.87
5/8/2017,15.86
5/9/2017,15.87
5/10/2017,16.09
5/11/2017,16.38
5/12/2017,16.21
5/15/2017,16.48
5/16/2017,16.48
5/17/2017,16.37
5/18/2017,16.2
5/19/2017,16.32
5/22/2017,16.29
5/23/2017,16.21
5/24/2017,16.23
5/25/2017,16.73
5/26/2017,16.722
5/30/2017,16.872
5/31/2017,17.148
6/1/2017,17.12
6/2/2017,16.95
6/5/2017,16.86
6/6/2017,16.86
6/7/2017,16.67
6/8/2017,16.53
6/9/2017,16.55
6/12/2017,16.61
6/13/2017,16.67
6/14/2017,16.61
6/15/2017,16.49
6/16/2017,16.41
6/19/2017,16.22
6/20/2017,15.97
6/21/2017,15.91
6/22/2017,15.92
6/23/2017,16.05
6/26/2017,15.89
6/27/2017,16.038
6/28/2017,16.132
6/29/2017,16.126
6/30/2017,16.408
7/3/2017,16.47
7/5/2017,16.52
7/6/2017,16.66
7/7/2017,16.48
7/10/2017,16.24
7/11/2017,16.57
7/12/2017,16.5
7/13/2017,16.55
7/14/2017,16.65
7/17/2017,16.67
7/18/2017,16.65
7/19/2017,16.55
7/20/2017,16.3
7/21/2017,16.1
7/24/2017,16.01
7/25/2017,16.31
7/26/2017,16.46
7/27/2017,16.634
7/28/2017,16.92
7/31/2017,17.166
8/1/2017,17.48
8/2/2017,17.07
8/3/2017,16.86
8/4/2017,16.69
8/7/2017,16.63
8/8/2017,16.5
8/9/2017,16.94
8/10/2017,16.86
8/11/2017,17.09
8/14/2017,17.19
8/15/2017,16.84
8/16/2017,17.05
8/17/2017,17.15
8/18/2017,17.19
8/21/2017,17.13
8/22/2017,16.92
8/23/2017,16.72
8/24/2017,16.67
8/25/2017,16.64
8/28/2017,16.442
8/29/2017,16.384
8/30/2017,16.438
8/31/2017,16.384
9/1/2017,16.36
9/5/2017,16.36
9/6/2017,16.36
9/7/2017,16.16
9/8/2017,16.02
9/11/2017,15.8
9/12/2017,16.1
9/13/2017,15.94
9/14/2017,15.91
9/15/2017,15.77
9/18/2017,15.72
9/19/2017,15.77
9/20/2017,15.91
9/21/2017,16.02
9/22/2017,16.17
9/25/2017,16.33
9/26/2017,16.332
9/27/2017,16.368
9/28/2017,16.284
9/29/2017,16.176
10/2/2017,16.2
10/3/2017,16.28
10/4/2017,16.49
10/5/2017,16.5
10/6/2017,16.57
10/9/2017,16.4
10/10/2017,16.24
10/11/2017,16.17
10/12/2017,16.11
10/13/2017,16.13
10/16/2017,16.15
10/17/2017,16.31
10/18/2017,16.34
10/19/2017,16.09
10/20/2017,15.72
10/23/2017,15.98
10/24/2017,15.95
10/25/2017,16.13
10/26/2017,16.194
10/27/2017,16.176
10/30/2017,16.216
10/31/2017,16.1
11/1/2017,15.89
11/2/2017,15.73
11/3/2017,15.69
11/6/2017,15.62
11/7/2017,15.42
11/8/2017,15.28
11/9/2017,15.76
11/10/2017,15.59
11/13/2017,15.69
11/14/2017,15.76
11/15/2017,15.73
11/16/2017,15.46
11/17/2017,15.27
11/20/2017,15.4
11/21/2017,15.37
11/22/2017,15.42
11/24/2017,15.42
11/27/2017,15.06
11/28/2017,14.906
11/29/2017,14.782
11/30/2017,14.818
12/1/2017,14.49
12/4/2017,14.28
12/5/2017,14.29
12/6/2017,14.24
12/7/2017,14.39
12/8/2017,14.38
12/11/2017,14.34
12/12/2017,14.27
12/13/2017,14.5
12/14/2017,14.7
12/15/2017,14.4
12/18/2017,14.05
12/19/2017,13.93
12/20/2017,13.8
12/21/2017,13.97
12/22/2017,14.02
12/26/2017,13.862
12/27/2017,13.844
12/28/2017,13.866
12/29/2017,13.832
1/2/2018,13.59
1/3/2018,13.52
1/4/2018,13.62
1/5/2018,13.44
1/8/2018,13.24
1/9/2018,13.18
1/10/2018,13.13
1/11/2018,13.21
1/12/2018,13.07
1/16/2018,13.37
1/17/2018,13.69
1/18/2018,13.54
1/19/2018,13.56
1/22/2018,13.6
1/23/2018,13.51
1/24/2018,13.42
1/25/2018,13.32
1/26/2018,13.344
1/29/2018,13.478
1/30/2018,13.398
1/31/2018,13.536
2/1/2018,13.72
2/2/2018,13.61
2/5/2018,13.73
2/6/2018,13.69
2/7/2018,13.61
2/8/2018,13.51
2/9/2018,13.63
2/12/2018,13.56
2/13/2018,13.75
2/14/2018,13.97
2/15/2018,14.04
2/16/2018,14.1
2/20/2018,14.21
2/21/2018,14.24
2/22/2018,13.88
2/23/2018,13.868
2/26/2018,13.966
2/27/2018,14.098
2/28/2018,14.092
3/1/2018,14
3/2/2018,14.09
3/5/2018,14.19
3/6/2018,14.15
3/7/2018,14.02
3/8/2018,14.1
3/9/2018,14.03
3/12/2018,13.9
3/13/2018,13.83
3/14/2018,14.05
3/15/2018,14.12
3/16/2018,14.33
3/19/2018,14.57
3/20/2018,14.45
3/21/2018,14.47
3/22/2018,14.31
3/23/2018,14.23
3/26/2018,14.372
3/27/2018,14.372
3/28/2018,14.334
3/29/2018,14.27
4/2/2018,14.3
4/3/2018,14.46
4/4/2018,14.64
4/5/2018,14.58
4/6/2018,14.7
4/9/2018,14.87
4/10/2018,14.85
4/11/2018,14.67
4/12/2018,14.63
4/13/2018,14.7
4/16/2018,14.8
4/17/2018,14.95
4/18/2018,14.95
4/19/2018,15
4/20/2018,14.9
4/23/2018,15.09
4/24/2018,15.13
4/25/2018,15.116
4/26/2018,15.164
4/27/2018,15.358
4/30/2018,15.588
5/1/2018,15.69
5/2/2018,15.68
5/3/2018,15.59
5/4/2018,15.56
5/7/2018,15.77
5/8/2018,15.86
5/9/2018,16.03
5/10/2018,15.83
5/11/2018,15.86
5/14/2018,16.09
5/15/2018,16.12
5/16/2018,16.02
5/17/2018,15.77
5/18/2018,15.66
5/21/2018,15.9
5/22/2018,15.84
5/23/2018,15.75
5/24/2018,15.76
5/25/2018,15.806
5/29/2018,16.06
5/30/2018,16.158
5/31/2018,16.218
6/1/2018,16.23
6/4/2018,16.02
6/5/2018,15.73
6/6/2018,15.89
6/7/2018,16.04
6/8/2018,16.04
6/11/2018,15.9
6/12/2018,15.83
6/13/2018,15.75
6/14/2018,15.56
6/15/2018,15.43
6/18/2018,15.19
6/19/2018,15.12
6/20/2018,15
6/21/2018,14.86
6/22/2018,14.66
6/25/2018,14.1
6/26/2018,14.224
6/27/2018,14.682
6/28/2018,14.862
6/29/2018,15.192
7/2/2018,15.33
7/3/2018,15.01
7/5/2018,14.86
7/6/2018,14.69
7/9/2018,14.52
7/10/2018,14.6
7/11/2018,14.65
7/12/2018,15
7/13/2018,14.84
7/16/2018,15.18
7/17/2018,15
7/18/2018,15.09
7/19/2018,14.84
7/20/2018,14.61
7/23/2018,14.64
7/24/2018,14.92
7/25/2018,14.92
7/26/2018,14.99
7/27/2018,15.268
7/30/2018,15.348
7/31/2018,15.4
8/1/2018,15.65
8/2/2018,15.61
8/3/2018,15.68
8/6/2018,15.48
8/7/2018,15.59
8/8/2018,15.7
8/9/2018,15.99
8/10/2018,16.13
8/13/2018,16.02
8/14/2018,16.13
8/15/2018,16.02
8/16/2018,15.89
8/17/2018,15.81
8/20/2018,15.69
8/21/2018,15.7
8/22/2018,15.74
8/23/2018,16.05
8/24/2018,16.21
8/27/2018,16.31
8/28/2018,16.464
8/29/2018,16.528
8/30/2018,16.506
8/31/2018,16.672
9/4/2018,16.74
9/5/2018,16.81
9/6/2018,16.42
9/7/2018,16.5
9/10/2018,16.62
9/11/2018,16.28
9/12/2018,16.28
9/13/2018,16.1
9/14/2018,16.26
9/17/2018,16.11
9/18/2018,16.06
9/19/2018,16.11
9/20/2018,16.02
9/21/2018,16.04
9/24/2018,15.99
9/25/2018,15.996
9/26/2018,16.126
9/27/2018,16.202
9/28/2018,16.208
10/1/2018,16.36
10/2/2018,16.29
10/3/2018,16.04
10/4/2018,16.01
10/5/2018,16.05
10/8/2018,16.03
10/9/2018,15.99
10/10/2018,15.89
10/11/2018,15.76
10/12/2018,15.76
10/15/2018,15.72
10/16/2018,15.75
10/17/2018,15.64
10/18/2018,15.53
10/19/2018,15.53
10/22/2018,15.42
10/23/2018,15.1
10/24/2018,14.9
10/25/2018,15.11
10/26/2018,15.118
10/29/2018,14.974
10/30/2018,14.938
10/31/2018,15.094
11/1/2018,15.23
11/2/2018,15.18
11/5/2018,15.05
11/6/2018,14.83
11/7/2018,14.66
11/8/2018,14.48
11/9/2018,14.47
11/12/2018,14.66
11/13/2018,14.81
11/14/2018,14.9
11/15/2018,14.88
11/16/2018,14.84
11/19/2018,14.66
11/20/2018,14.46
11/21/2018,14.32
11/26/2018,14.09
11/27/2018,14.08
11/28/2018,14.16
11/29/2018,14.314
11/30/2018,14.316
12/3/2018,14.58
12/4/2018,14.31
12/5/2018,14.2
12/6/2018,14.01
12/7/2018,13.98
12/10/2018,13.81
12/11/2018,14.03
12/12/2018,14.15
12/13/2018,14.19
12/14/2018,14.22
12/17/2018,14.2
12/18/2018,14.31
12/19/2018,14.18
12/20/2018,14.3
12/21/2018,14.28
12/24/2018,14.17
12/26/2018,14.238
12/27/2018,14.318
12/28/2018,14.566
12/31/2018,14.638
1/2/2019,14.75
1/3/2019,14.77
1/4/2019,14.74
1/7/2019,14.57
1/8/2019,14.41
1/9/2019,14.32
1/10/2019,14.45
1/11/2019,14.49
1/14/2019,14.3
1/15/2019,14.34
1/16/2019,14.27
1/17/2019,14.14
1/18/2019,14.22
1/22/2019,14.13
1/23/2019,13.97
1/24/2019,13.94
1/25/2019,13.98
1/28/2019,14.032
1/29/2019,14.186
1/30/2019,14.288
1/31/2019,14.292
2/1/2019,14.39
2/4/2019,14.23
2/5/2019,14.2
2/6/2019,14.36
2/7/2019,14.56
2/8/2019,14.59
2/11/2019,14.69
2/12/2019,14.85
2/13/2019,14.78
2/14/2019,14.56
2/15/2019,14.53
2/19/2019,14.7
2/20/2019,14.6
2/21/2019,14.72
2/22/2019,14.9
2/25/2019,15.038
2/26/2019,15.174
2/27/2019,15.226
2/28/2019,15.208
3/1/2019,15.13
3/4/2019,15
3/5/2019,15.01
3/6/2019,15.15
3/7/2019,14.98
3/8/2019,14.8
3/11/2019,14.8
3/12/2019,14.98
3/13/2019,14.95
3/14/2019,15.09
3/15/2019,14.88
3/18/2019,14.75
3/19/2019,14.98
3/20/2019,15.1
3/21/2019,15.33
3/22/2019,15.29
3/25/2019,15.49
3/26/2019,15.586
3/27/2019,15.606
3/28/2019,15.546
3/29/2019,15.506
4/1/2019,15.52
4/2/2019,15.7
4/3/2019,15.67
4/4/2019,15.71
4/5/2019,15.76
4/8/2019,15.72
4/9/2019,15.85
4/10/2019,15.92
4/11/2019,15.78
4/12/2019,15.78
4/15/2019,15.65
4/16/2019,15.63
4/17/2019,15.69
4/18/2019,15.69
4/22/2019,15.82
4/23/2019,15.87
4/24/2019,15.84
4/25/2019,16.306
4/26/2019,16.348
4/29/2019,16.306
4/30/2019,16.184
5/1/2019,16.26
5/2/2019,16.35
5/3/2019,16.58
5/6/2019,16.62
5/7/2019,16.55
5/8/2019,16.43
5/9/2019,16.35
5/10/2019,16.31
5/13/2019,16.16
5/14/2019,16.19
5/15/2019,16.24
5/16/2019,16.23
5/17/2019,16.45
5/20/2019,16.51
5/21/2019,16.44
5/22/2019,16.34
5/23/2019,16.44
5/24/2019,16.31
5/28/2019,16.144
5/29/2019,16.226
5/30/2019,16.432
5/31/2019,16.544
6/3/2019,16.47
6/4/2019,16.31
6/5/2019,16.48
